HMM Name	HMM Length	Target Name	Target Length	i-Evalue	HMM From	HMM To	Target From	Target To	Coverage	HMM File Name
PALP	294	NP_414545.1	428	1.1293303386318432e-24	30	281	99	369	0.8571428571428571	STP
HTH_1	60	NP_414561.1	301	3.146539304203991e-16	2	60	9	67	0.9833333333333333	STP
AraC_binding	136	NP_414606.1	292	2.0250885033880978e-27	4	136	23	160	0.9779411764705882	STP
HTH_18	81	NP_414606.1	292	1.3103964956683007e-20	1	80	200	278	0.9876543209876543	STP
SBP_bac_1	315	NP_414610.1	327	7.022676082361282e-17	14	314	40	272	0.9555555555555556	STP
SBP_bac_5	377	NP_414611.1	551	1.402644656507317e-19	3	162	165	306	0.4244031830238727	STP
HTH_1	60	NP_414618.4	314	1.1337009527521751e-18	1	58	24	81	0.9666666666666667	STP
LysR_substrate	209	NP_414618.4	314	9.456820711522144e-17	31	205	137	309	0.8373205741626795	STP
LacI	46	NP_414622.1	334	1.1951233383838165e-19	1	46	2	50	1.0	STP
NUDIX	131	NP_414641.1	129	9.051221518997997e-22	3	130	5	125	0.9770992366412213	STP
T2SSE	273	NP_414649.1	461	2.602069459778824e-88	4	272	89	353	0.9853479853479854	STP
GntR	64	NP_414655.1	254	3.6734344769018995e-26	2	64	12	74	0.984375	STP
Pyr_redox_2	292	NP_414658.1	474	9.282181302717377e-64	2	292	8	328	0.9965753424657534	STP
Pribosyltran	159	NP_414667.4	178	8.732840611559453e-24	10	158	13	160	0.9371069182389937	STP
Peripla_BP_2	238	NP_414694.1	296	1.2369006569884132e-27	1	234	38	269	0.9831932773109243	STP
Peripla_BP_2	238	NP_414700.1	266	9.17547438795665e-25	1	202	26	217	0.8487394957983193	STP
Diacid_rec	134	NP_414704.4	385	1.1898726242556391e-49	1	133	6	138	0.9925373134328358	STP
Glyoxalase	128	NP_414729.4	129	2.2805255916502096e-23	2	128	7	126	0.9921875	STP
HTH_1	60	NP_414744.1	304	8.637659251779996e-21	3	60	7	64	0.9666666666666667	STP
LysR_substrate	209	NP_414744.1	304	2.8249536748066806e-45	2	208	89	293	0.9904306220095693	STP
Pribosyltran	159	NP_414773.1	152	3.5963189056477534e-16	4	157	11	144	0.9685534591194969	STP
HTH_1	60	NP_414788.1	297	9.945780199800317e-20	1	60	9	68	1.0	STP
LysR_substrate	209	NP_414788.1	297	2.1517711153441847e-31	3	208	91	291	0.9856459330143541	STP
HTH_IclR	52	NP_414806.1	252	6.307029886356359e-18	1	52	6	57	1.0	STP
IclR	129	NP_414806.1	252	3.207608714684166e-45	4	128	123	246	0.9689922480620154	STP
Pyr_redox_2	292	NP_414838.2	441	1.898296333162939e-58	2	282	5	297	0.9623287671232876	STP
HTH_18	81	NP_414839.1	284	3.0300185901550793e-21	1	81	199	278	1.0	STP
EAL	238	NP_414849.1	362	3.193820571568513e-61	3	238	112	346	0.9915966386554622	STP
HTH_1	60	NP_414850.1	310	1.0496116869571852e-17	4	60	10	66	0.95	STP
LysR_substrate	209	NP_414850.1	310	9.18736962537186e-20	2	191	91	280	0.9090909090909091	STP
Citrate_synt	361	NP_414867.1	389	4.635174568691904e-116	2	360	22	370	0.9944598337950139	STP
HTH_1	60	NP_414872.3	299	7.3162077296317545e-28	2	60	4	62	0.9833333333333333	STP
LysR_substrate	209	NP_414872.3	299	6.691707820729567e-54	3	208	88	290	0.9856459330143541	STP
Cyanate_lyase	69	NP_414874.1	156	9.849884977977011e-33	2	68	87	154	0.9710144927536232	STP
LacI	46	NP_414879.3	360	4.768231574405914e-23	1	46	5	50	1.0	STP
Peripla_BP_3	164	NP_414879.3	360	2.704122718428436e-33	1	164	171	329	1.0	STP
MASE2	89	NP_414919.1	371	5.361697717039038e-29	1	89	40	128	1.0	STP
GGDEF	161	NP_414919.1	371	1.1165443877016392e-47	2	161	211	366	0.9937888198757764	STP
SKI	158	NP_414922.1	174	1.2732780533927249e-48	1	157	11	168	0.9936708860759493	STP
Response_reg	112	NP_414933.1	229	1.0823127945393086e-29	1	112	5	117	1.0	STP
Trans_reg_C	77	NP_414933.1	229	3.034695874012368e-29	2	77	151	225	0.987012987012987	STP
HisKA	64	NP_414934.1	431	6.76973556563922e-19	1	63	203	268	0.984375	STP
HATPase_c	111	NP_414934.1	431	5.833492605271061e-27	1	109	313	423	0.9819819819819819	STP
AAA	132	NP_414972.1	424	8.408587427769967e-16	1	98	115	220	0.7424242424242424	STP
AAA	132	NP_414973.1	784	3.718433330515187e-18	1	128	352	489	0.9696969696969697	STP
SBP_bac_5	377	NP_414979.1	566	3.3796449028315793e-16	2	161	165	303	0.4244031830238727	STP
AsnC_trans_reg	75	NP_414981.4	152	1.7537768357294406e-22	1	75	68	142	1.0	STP
Ammonium_transp	399	NP_414985.1	428	6.4971034600355e-132	1	399	33	426	1.0	STP
EAL	238	NP_414990.2	516	1.1091553782999624e-65	3	237	274	501	0.9873949579831933	STP
TetR_N	47	NP_414997.1	215	3.325920389456083e-20	1	47	16	62	1.0	STP
Pribosyltran	159	NP_415002.1	183	5.270218023587994e-16	2	124	31	156	0.7735849056603774	STP
HMA	62	NP_415017.1	834	8.474318889735543e-16	4	61	105	159	0.9354838709677419	STP
MerR	38	NP_415020.1	135	1.5950128836690165e-16	1	38	2	39	1.0	STP
HTH_1	60	NP_415037.1	308	3.348340272291981e-20	3	60	6	63	0.9666666666666667	STP
LysR_substrate	209	NP_415037.1	308	4.825676544117251e-21	5	205	91	290	0.9617224880382775	STP
IclR	129	NP_415039.1	271	6.065041730591573e-42	3	128	141	263	0.9767441860465116	STP
Response_reg	112	NP_415068.1	210	1.2114762674824378e-27	1	111	6	117	0.9910714285714286	STP
GerE	57	NP_415068.1	210	3.619035396641437e-24	2	57	149	204	0.9824561403508771	STP
HTH_18	81	NP_415078.1	265	1.704631290694977e-16	1	80	184	261	0.9876543209876543	STP
HATPase_c	111	NP_415102.1	480	1.859256301097576e-21	1	108	371	479	0.972972972972973	STP
Response_reg	112	NP_415103.1	227	1.2896698152813085e-27	2	112	4	113	0.9910714285714286	STP
Trans_reg_C	77	NP_415103.1	227	1.5611426167750205e-26	1	77	146	221	1.0	STP
Nitroreductase	170	NP_415110.1	217	4.2540088319959746e-34	2	170	8	193	0.9941176470588236	STP
Peripla_BP_2	238	NP_415124.1	318	8.041830976977003e-31	1	236	49	297	0.9915966386554622	STP
Aminotran_1_2	363	NP_415133.1	386	6.594213541869091e-59	3	363	32	383	0.9944903581267218	STP
HTH_1	60	NP_415136.1	300	1.5873522159795619e-19	1	59	12	70	0.9833333333333333	STP
Pyr_redox_2	292	NP_415139.2	521	1.0185592832466696e-44	1	291	213	503	0.9965753424657534	STP
Response_reg	112	NP_415153.1	226	6.495510208369208e-20	2	110	8	117	0.9732142857142857	STP
LysR_substrate	209	NP_415162.4	317	8.282441656475368e-18	5	207	116	316	0.9712918660287081	STP
SBP_bac_3	225	NP_415188.1	302	1.729063779309943e-47	1	224	42	271	0.9955555555555555	STP
PTS_EIIC	324	NP_415205.1	648	1.1844519041467254e-75	2	324	12	300	0.9969135802469136	STP
FUR	120	NP_415209.1	148	1.7020802017666476e-49	1	120	10	130	1.0	STP
Response_reg	112	NP_415222.1	225	4.996219079421064e-30	1	111	4	112	0.9910714285714286	STP
Trans_reg_C	77	NP_415222.1	225	1.8120713646236468e-22	2	77	148	223	0.987012987012987	STP
HATPase_c	111	NP_415223.1	894	1.631399862064644e-23	5	110	777	882	0.954954954954955	STP
Citrate_synt	361	NP_415248.1	427	1.8750963146959475e-132	1	361	46	410	1.0	STP
GntR	64	NP_415258.1	240	3.235649720116019e-25	1	64	6	69	1.0	STP
SBP_bac_1	315	NP_415284.1	257	1.215585563581767e-17	1	314	34	246	0.9968253968253968	STP
TOBE	64	NP_415286.1	352	4.526481103985106e-18	1	62	290	350	0.96875	STP
HTH_1	60	NP_415289.4	317	8.59465248731411e-21	2	60	6	64	0.9833333333333333	STP
LysR_substrate	209	NP_415289.4	317	9.540339146089895e-44	4	205	91	291	0.9665071770334929	STP
Aminotran_1_2	363	NP_415297.1	384	3.306186779420295e-70	2	363	40	380	0.9972451790633609	STP
SBP_bac_3	225	NP_415332.1	248	2.4986268640153626e-71	1	224	27	244	0.9955555555555555	STP
SBP_bac_5	377	NP_415351.1	512	2.034779219435692e-97	2	375	71	429	0.9920424403183024	STP
EAL	238	NP_415354.1	782	3.5334263260630746e-66	2	238	532	767	0.9957983193277311	STP
GGDEF	161	NP_415355.1	442	1.8611797714636878e-25	1	160	295	437	0.9937888198757764	STP
DeoRC	160	NP_415361.1	252	3.801823759527213e-46	3	159	76	232	0.98125	STP
Nitroreductase	170	NP_415372.1	240	5.921615655309996e-18	4	170	11	159	0.9823529411764705	STP
SBP_bac_1	315	NP_415375.1	370	2.249320871083944e-17	17	312	44	303	0.9396825396825397	STP
SBP_bac_3	225	NP_415381.1	243	1.1587503086220182e-71	1	224	23	242	0.9955555555555555	STP
SBP_bac_3	225	NP_415384.1	243	7.886871351586835e-68	1	224	23	242	0.9955555555555555	STP
Pyr_redox_2	292	NP_415408.1	321	8.426803366303183e-53	2	290	8	301	0.9897260273972602	STP
AsnC_trans_reg	75	NP_415409.1	164	2.6261815797720843e-25	1	75	78	152	1.0	STP
AAA	132	NP_415412.1	447	6.17848341714233e-18	1	126	53	159	0.9545454545454546	STP
HTH_1	60	NP_415420.1	302	9.23571358374062e-20	3	59	7	63	0.95	STP
LysR_substrate	209	NP_415420.1	302	1.4342849458458774e-34	4	206	91	290	0.9712918660287081	STP
EPSP_synthase	417	NP_415428.1	427	3.714446132276095e-155	2	417	7	420	0.9976019184652278	STP
Aminotran_1_2	363	NP_415448.1	396	3.156965698098735e-97	3	363	28	392	0.9944903581267218	STP
HisKA	64	NP_415513.2	914	3.153835069433775e-17	1	64	443	508	1.0	STP
HATPase_c	111	NP_415513.2	914	2.963724399926242e-26	1	110	557	663	0.990990990990991	STP
Peripla_BP_1	279	NP_415514.1	342	2.493460539275696e-95	1	279	44	337	1.0	STP
Response_reg	112	NP_415515.1	230	6.092486370809771e-28	1	111	5	113	0.9910714285714286	STP
Trans_reg_C	77	NP_415515.1	230	2.9739226927259226e-17	1	77	153	225	1.0	STP
GGDEF	161	NP_415544.1	452	1.0995912471034112e-50	1	161	282	439	1.0	STP
GerE	57	NP_415558.1	216	4.773849673216213e-21	2	57	155	210	0.9824561403508771	STP
PTS_EIIC	324	NP_415619.1	477	1.6645537049358228e-85	1	324	13	320	1.0	STP
Pyr_redox_2	292	NP_415627.1	434	2.8907131608760434e-73	1	292	6	338	1.0	STP
TetR_N	47	NP_415629.4	210	4.294128597750066e-16	2	47	25	70	0.9787234042553191	STP
Response_reg	112	NP_415648.1	223	6.254517334086672e-26	1	111	3	112	0.9910714285714286	STP
Trans_reg_C	77	NP_415648.1	223	3.8835286671878233e-20	2	77	146	220	0.987012987012987	STP
NUDIX	131	NP_415652.1	153	1.9804935223321853e-19	2	116	4	114	0.8778625954198473	STP
BLUF	92	NP_415681.1	403	4.444706875135311e-25	1	91	2	92	0.9891304347826086	STP
EAL	238	NP_415681.1	403	1.2488839740791424e-49	14	237	173	388	0.9411764705882353	STP
EAL	238	NP_415686.2	507	1.6442785731711648e-64	2	238	251	486	0.9957983193277311	STP
CbiA	128	NP_415693.1	270	1.7867306601985908e-20	1	128	5	227	1.0	STP
GntR	64	NP_415705.1	239	1.394689395533417e-20	4	64	11	71	0.953125	STP
PTS-HPr	82	NP_415716.4	472	2.0494426196616982e-16	5	81	160	236	0.9390243902439024	STP
Pribosyltran	159	NP_415725.1	315	8.956840573547166e-20	27	122	160	248	0.6037735849056604	STP
Response_reg	112	NP_415739.1	216	2.0430375085945742e-31	1	111	9	120	0.9910714285714286	STP
GerE	57	NP_415739.1	216	2.2010242432169653e-23	2	56	155	209	0.9649122807017544	STP
Response_reg	112	NP_415751.1	337	6.435133254853247e-29	1	111	10	120	0.9910714285714286	STP
SBP_bac_5	377	NP_415759.1	543	8.610069147118276e-89	3	376	83	463	0.9920424403183024	STP
PALP	294	NP_415777.1	397	5.720264340716978e-50	3	291	52	375	0.9829931972789115	STP
LysR_substrate	209	NP_415791.1	324	2.1248627537709537e-43	5	205	92	292	0.9617224880382775	STP
HTH_DeoR	57	NP_415800.1	249	2.1589515470203523e-16	1	56	4	59	0.9824561403508771	STP
DeoRC	160	NP_415800.1	249	2.417704966280664e-46	2	160	69	227	0.99375	STP
GGDEF	161	NP_415801.1	661	5.681299229806959e-47	1	160	237	390	0.9937888198757764	STP
EAL	238	NP_415801.1	661	3.115016944954997e-65	3	238	412	644	0.9915966386554622	STP
SBP_bac_5	377	NP_415810.1	547	3.0798164419408915e-84	2	375	79	457	0.9920424403183024	STP
SBP_bac_1	315	NP_415826.1	430	3.5376752067717244e-39	7	311	43	325	0.9682539682539683	STP
LacI	46	NP_415836.1	332	7.021401271066171e-22	1	46	4	49	1.0	STP
Peripla_BP_1	279	NP_415836.1	332	6.66274820812886e-24	13	267	77	321	0.9139784946236559	STP
HTH_1	60	NP_415844.1	299	2.584794314908149e-20	3	60	8	65	0.9666666666666667	STP
LysR_substrate	209	NP_415844.1	299	1.2520724776198322e-37	2	205	90	294	0.9760765550239234	STP
SBP_bac_5	377	NP_415845.2	537	1.5645714763642436e-88	1	372	77	453	0.986737400530504	STP
cNMP_binding	88	NP_415850.1	250	2.4175609699693923e-16	3	84	51	132	0.9318181818181818	STP
Crp	32	NP_415850.1	250	6.557187848268796e-16	1	32	193	224	1.0	STP
HTH_1	60	NP_415855.1	302	1.0988806273167111e-20	1	60	7	66	1.0	STP
LysR_substrate	209	NP_415855.1	302	1.6736717169754802e-37	2	208	91	297	0.9904306220095693	STP
GGDEF	161	NP_415857.2	410	2.603346820760367e-46	1	161	253	406	1.0	STP
HTH_18	81	NP_415902.1	301	2.0625981625811097e-21	1	80	219	298	0.9876543209876543	STP
MCPsignal	172	NP_415938.1	546	2.0241173931450862e-58	1	172	335	492	1.0	STP
HTH_1	60	NP_415939.2	307	9.655406083996879e-20	1	60	13	72	1.0	STP
LysR_substrate	209	NP_415939.2	307	4.456717664803061e-33	6	207	101	304	0.9665071770334929	STP
HTH_3	55	NP_415951.1	178	2.5098971607537777e-17	1	53	12	64	0.9636363636363636	STP
Aminotran_1_2	363	NP_415956.1	468	2.1769304666982192e-32	44	348	145	445	0.8402203856749312	STP
SBP_bac_1	315	NP_415957.1	381	4.247296813985371e-21	14	314	56	312	0.9555555555555556	STP
SBP_bac_5	377	NP_416004.1	516	6.659765911866416e-95	2	374	78	432	0.9893899204244032	STP
GGDEF	161	NP_416006.4	799	2.1242839680001536e-22	2	160	377	525	0.9875776397515528	STP
EAL	238	NP_416006.4	799	1.1216864803594905e-68	3	238	547	781	0.9915966386554622	STP
GGDEF	161	NP_416007.3	460	5.440970426705044e-51	3	161	297	452	0.9875776397515528	STP
GGDEF	161	NP_416039.1	315	1.5514040877889968e-42	1	161	146	304	1.0	STP
HTH_1	60	NP_416043.1	293	5.605792949883294e-18	1	59	3	61	0.9833333333333333	STP
LysR_substrate	209	NP_416043.1	293	4.001371931907664e-45	2	204	85	282	0.9712918660287081	STP
MarR	59	NP_416047.4	144	1.0203708786824261e-18	1	59	38	96	1.0	STP
HTH_18	81	NP_416048.2	127	1.2423278796168304e-18	2	79	32	108	0.9629629629629629	STP
GGDEF	161	NP_416052.1	296	2.92878363827543e-45	2	161	130	283	0.9937888198757764	STP
GntR	64	NP_416058.1	228	7.183749715957774e-18	3	64	15	75	0.96875	STP
HTH_3	55	NP_416088.1	135	6.560501599609187e-17	1	55	12	66	1.0	STP
HTH_1	60	NP_416112.1	297	1.5781629457509715e-22	1	60	5	64	1.0	STP
LysR_substrate	209	NP_416112.1	297	1.4541570359933114e-46	1	208	88	296	0.9952153110047847	STP
Response_reg	112	NP_416125.2	239	1.3126925565356279e-20	1	111	4	112	0.9910714285714286	STP
Trans_reg_C	77	NP_416125.2	239	1.8038692123020185e-21	2	77	158	233	0.987012987012987	STP
HATPase_c	111	NP_416126.1	433	3.933522865124383e-20	6	109	320	423	0.9369369369369369	STP
TetR_N	47	NP_416135.1	196	1.7697431881669452e-18	1	47	16	62	1.0	STP
LacI	46	NP_416137.1	342	2.0987148782601512e-19	1	46	8	53	1.0	STP
Peripla_BP_1	279	NP_416137.1	342	4.095790006937333e-102	2	278	65	341	0.992831541218638	STP
PTS_EIIC	324	NP_416138.1	530	3.592837382903951e-88	1	324	19	361	1.0	STP
Aminotran_1_2	363	NP_416139.1	390	1.3661900126136203e-60	3	360	30	379	0.9862258953168044	STP
HhH-GPD	108	NP_416150.1	211	5.330283098192312e-21	1	107	34	168	0.9907407407407407	STP
MarR	59	NP_416159.2	144	3.327433126775318e-19	1	58	29	87	0.9830508474576272	STP
Glyoxalase	128	NP_416168.1	135	1.1331970356672987e-25	2	128	3	123	0.9921875	STP
LacI	46	NP_416175.1	341	1.3108980633319527e-19	1	46	3	48	1.0	STP
Peripla_BP_3	164	NP_416175.1	341	2.7853844191291473e-41	2	164	171	331	0.9939024390243902	STP
HTH_1	60	NP_416176.1	310	1.72642702000587e-20	4	59	7	62	0.9333333333333333	STP
LysR_substrate	209	NP_416176.1	310	7.718225602863429e-26	2	206	88	290	0.9808612440191388	STP
HTH_18	81	NP_416211.1	303	3.504933002642503e-19	1	81	202	281	1.0	STP
PfkB	302	NP_416237.3	309	6.09884531744205e-66	6	299	12	296	0.9735099337748344	STP
HTH_18	81	NP_416249.1	280	3.143661822805491e-20	6	80	200	273	0.9259259259259259	STP
PTS_EIIC	324	NP_416251.1	452	6.835302039114604e-48	2	322	30	363	0.9907407407407407	STP
NUDIX	131	NP_416273.1	135	2.6766679442364026e-22	5	131	5	125	0.9694656488549618	STP
Nitroreductase	170	NP_416279.1	183	1.2762848543903564e-27	3	169	9	161	0.9823529411764705	STP
HTH_DeoR	57	NP_416284.1	252	6.408987420294729e-18	1	55	6	60	0.9649122807017544	STP
DeoRC	160	NP_416284.1	252	4.245714836638246e-49	3	160	77	233	0.9875	STP
PfkB	302	NP_416286.4	315	1.0948954003407609e-71	3	299	5	300	0.9834437086092715	STP
GGDEF	161	NP_416299.1	491	7.3158285650953e-45	1	161	328	485	1.0	STP
GGDEF	161	NP_416300.2	496	4.101200931802814e-40	3	160	346	494	0.9813664596273292	STP
HTH_18	81	NP_416304.1	273	2.8717788898222755e-18	1	80	180	257	0.9876543209876543	STP
GGDEF	161	NP_416308.4	341	4.965973092003505e-42	2	160	175	330	0.9875776397515528	STP
HTH_1	60	NP_416313.4	307	1.0262630714680709e-16	1	60	7	66	1.0	STP
LysR_substrate	209	NP_416313.4	307	2.0810152284708584e-36	2	208	91	295	0.9904306220095693	STP
EAL	238	NP_416329.4	532	6.34603250008255e-59	3	238	272	501	0.9915966386554622	STP
IclR	129	NP_416341.1	263	3.194809270111668e-49	2	128	129	254	0.9844961240310077	STP
HTH_6	77	NP_416367.1	289	1.557589325183988e-33	1	76	1	76	0.987012987012987	STP
SIS	131	NP_416367.1	289	1.2389910567796546e-28	1	130	124	252	0.9923664122137404	STP
AAA	132	NP_416374.1	336	4.3922246537463927e-20	1	130	58	181	0.9848484848484849	STP
NUDIX	131	NP_416379.1	150	3.0116614953278583e-18	2	130	8	144	0.9847328244274809	STP
CheZ	202	NP_416395.1	214	1.6226325268399325e-77	3	202	17	214	0.9900990099009901	STP
Response_reg	112	NP_416396.1	129	1.5016376615797943e-32	2	111	9	120	0.9821428571428571	STP
Response_reg	112	NP_416397.1	349	2.0285842612320966e-25	1	102	6	109	0.9107142857142857	STP
CheB_methylest	170	NP_416397.1	349	9.253372393124914e-63	1	169	159	336	0.9941176470588236	STP
CheR_N	53	NP_416398.1	286	7.548402904643279e-19	2	53	26	77	0.9811320754716981	STP
CheR	195	NP_416398.1	286	5.455059970508947e-63	1	193	92	280	0.9897435897435898	STP
MCPsignal	172	NP_416399.1	533	3.672236789837654e-55	1	172	323	480	1.0	STP
MCPsignal	172	NP_416400.1	553	4.4082601467566296e-61	1	172	325	482	1.0	STP
CheW	138	NP_416401.1	167	1.834523820995511e-36	1	137	18	154	0.9927536231884058	STP
CheY-binding	63	NP_416402.1	654	1.1485974410614266e-18	1	63	161	223	1.0	STP
H-kinase_dim	69	NP_416402.1	654	3.0796513194764053e-18	2	69	262	324	0.9855072463768116	STP
HATPase_c	111	NP_416402.1	654	2.2246310452817106e-18	4	110	372	508	0.963963963963964	STP
CheW	138	NP_416402.1	654	9.946009494565667e-28	2	133	514	640	0.9565217391304348	STP
Peripla_BP_1	279	NP_416414.1	329	5.895691076164911e-97	2	278	26	319	0.992831541218638	STP
Response_reg	112	NP_416424.1	218	1.8613100351792976e-31	1	111	4	115	0.9910714285714286	STP
GerE	57	NP_416424.1	218	1.3863586625366067e-21	2	57	149	204	0.9824561403508771	STP
Autoind_bind	149	NP_416426.1	240	1.923108162185908e-33	1	142	22	158	0.9530201342281879	STP
GerE	57	NP_416426.1	240	5.933103551048734e-24	2	57	179	234	0.9824561403508771	STP
PALP	294	NP_416429.4	328	2.236994238382978e-54	5	294	16	316	0.9863945578231292	STP
SBP_bac_3	225	NP_416430.1	266	4.343194364896759e-72	2	224	44	261	0.9911111111111112	STP
Sigma70_r2	71	NP_416432.3	239	4.663190688255142e-17	1	70	16	88	0.9859154929577465	STP
Sigma70_r3	78	NP_416432.3	239	1.3961743274477332e-20	3	72	97	166	0.8974358974358975	STP
Sigma70_r4	50	NP_416432.3	239	1.3624276539592036e-17	1	49	185	233	0.98	STP
GerE	57	NP_416461.1	207	7.792788225452393e-20	2	56	137	191	0.9649122807017544	STP
GGDEF	161	NP_416465.2	564	2.4405302130097754e-47	1	161	398	557	1.0	STP
HD	122	NP_416471.1	231	9.087195877123911e-16	4	121	29	131	0.9672131147540983	STP
Response_reg	112	NP_416478.2	223	4.380899411146774e-27	1	112	3	112	1.0	STP
Trans_reg_C	77	NP_416478.2	223	4.524068630676299e-25	4	77	146	218	0.961038961038961	STP
LysR_substrate	209	NP_416492.1	316	2.0693752838211453e-42	3	206	90	293	0.9760765550239234	STP
HTH_1	60	NP_416493.1	305	2.8573351572153658e-22	1	60	3	62	1.0	STP
LysR_substrate	209	NP_416493.1	305	5.2528646402717124e-33	2	206	87	289	0.9808612440191388	STP
GyrI-like	155	NP_416513.1	157	7.942956619674996e-30	1	154	1	152	0.9935483870967742	STP
LysR_substrate	209	NP_416519.4	309	1.2245908217274868e-23	2	205	89	290	0.9760765550239234	STP
Aminotran_1_2	363	NP_416525.1	356	1.3681190806240092e-68	31	363	46	351	0.9173553719008265	STP
NUDIX	131	NP_416555.2	159	4.209813838023608e-19	8	122	22	142	0.8778625954198473	STP
MASE1	300	NP_416571.1	1105	6.423363437889939e-35	2	299	19	294	0.9933333333333333	STP
GGDEF	161	NP_416571.1	1105	4.8234050863780144e-46	1	160	682	838	0.9937888198757764	STP
EAL	238	NP_416571.1	1105	4.00849035689793e-21	38	236	897	1088	0.8361344537815126	STP
AlkA_N	116	NP_416572.1	282	6.669428442933686e-29	3	116	3	112	0.9827586206896551	STP
HATPase_c	111	NP_416582.1	467	3.627913417249162e-21	1	110	349	460	0.990990990990991	STP
Response_reg	112	NP_416583.1	240	2.678027233833723e-25	1	111	13	121	0.9910714285714286	STP
Trans_reg_C	77	NP_416583.1	240	3.9525859627118734e-24	2	76	157	231	0.974025974025974	STP
PfkB	302	NP_416603.1	321	1.5779906251278362e-55	2	296	17	306	0.9768211920529801	STP
GntR	64	NP_416604.1	248	1.1926219362337697e-16	6	64	29	87	0.921875	STP
Response_reg	112	NP_416629.4	239	2.963439859849217e-26	1	111	4	112	0.9910714285714286	STP
LytTR	98	NP_416629.4	239	3.230516363460892e-25	2	97	144	237	0.9795918367346939	STP
Pyr_redox_2	292	NP_416651.1	412	5.829515430263733e-26	2	291	126	394	0.9931506849315068	STP
LacI	46	NP_416656.1	346	5.560112295816641e-22	1	46	3	48	1.0	STP
Peripla_BP_3	164	NP_416656.1	346	1.1248363401197363e-33	2	164	169	329	0.9939024390243902	STP
HTH_1	60	NP_416662.1	293	5.100778367774319e-16	1	60	5	64	1.0	STP
LysR_substrate	209	NP_416662.1	293	2.740059911131615e-54	3	204	86	286	0.9665071770334929	STP
PfkB	302	NP_416665.1	362	1.3263279650548187e-65	2	298	58	348	0.9834437086092715	STP
PfkB	302	NP_416671.1	313	2.0918606058597519e-66	2	298	5	295	0.9834437086092715	STP
PTS_EIIC	324	NP_416672.1	563	9.67440397999689e-20	3	324	233	496	0.9938271604938271	STP
PfkB	302	NP_416673.1	312	4.815804064848317e-69	12	297	14	293	0.9470198675496688	STP
PTS-HPr	82	NP_416674.1	376	8.360948539228856e-26	2	80	287	368	0.9634146341463414	STP
EAL	238	NP_416681.1	518	4.549129782989283e-68	3	238	267	500	0.9915966386554622	STP
SBP_bac_5	377	NP_416682.4	604	1.7789680695184076e-70	2	373	98	504	0.986737400530504	STP
Response_reg	112	NP_416697.1	215	6.238713475302586e-31	1	112	9	121	1.0	STP
GerE	57	NP_416697.1	215	3.8808062418721885e-25	2	56	153	207	0.9649122807017544	STP
Ada_Zn_binding	65	NP_416717.1	354	1.3456428073011173e-32	1	65	11	75	1.0	STP
HTH_18	81	NP_416717.1	354	2.5349837055132924e-16	1	79	105	181	0.9753086419753086	STP
Response_reg	112	NP_416721.1	216	3.0001077586361957e-25	1	111	6	120	0.9910714285714286	STP
GerE	57	NP_416721.1	216	2.631797914998064e-19	2	56	150	204	0.9649122807017544	STP
HisKA	64	NP_416722.2	949	1.2691090970049122e-16	1	63	469	533	0.984375	STP
HATPase_c	111	NP_416722.2	949	8.6110560446681e-31	1	109	581	690	0.9819819819819819	STP
Response_reg	112	NP_416722.2	949	6.2358749941371175e-30	1	111	827	936	0.9910714285714286	STP
PAS	113	NP_416723.1	608	2.7092575580778423e-22	4	112	265	369	0.9646017699115044	STP
HisKA	64	NP_416723.1	608	1.5362791141893868e-17	2	61	389	450	0.9375	STP
HATPase_c	111	NP_416723.1	608	5.665029064133826e-22	2	108	496	599	0.963963963963964	STP
Response_reg	112	NP_416724.1	461	4.845716222514596e-31	1	110	7	115	0.9821428571428571	STP
IclR	129	NP_416751.1	260	1.4159882448888953e-42	2	128	122	247	0.9844961240310077	STP
NUDIX	131	NP_416754.1	141	6.101767106773501e-22	1	128	1	135	0.9770992366412213	STP
HTH_1	60	NP_416792.1	312	1.8290708759126222e-18	1	59	13	71	0.9833333333333333	STP
LysR_substrate	209	NP_416792.1	312	1.5073545431103983e-27	4	201	97	281	0.9473684210526315	STP
Aminotran_1_2	363	NP_416793.1	405	2.1251921646048477e-47	30	353	58	387	0.8925619834710744	STP
NUDIX	131	NP_416802.1	180	7.691341824349725e-19	2	121	36	154	0.916030534351145	STP
SBP_bac_3	225	NP_416812.1	260	4.800511438868139e-64	1	224	28	254	0.9955555555555555	STP
SBP_bac_3	225	NP_416813.1	260	1.6158629069660218e-63	1	224	28	254	0.9955555555555555	STP
HTH_1	60	NP_416865.1	311	7.469037290722665e-21	2	60	18	76	0.9833333333333333	STP
LysR_substrate	209	NP_416865.1	311	1.0321699401162506e-29	2	208	99	307	0.9904306220095693	STP
PALP	294	NP_416867.1	442	2.306346820428932e-71	2	285	73	404	0.9659863945578231	STP
Response_reg	112	NP_416870.1	204	9.950704781053285e-28	2	112	4	114	0.9910714285714286	STP
GerE	57	NP_416870.1	204	1.984697629753237e-22	1	57	142	198	1.0	STP
SBP_bac_3	225	NP_416871.1	1197	4.887731555225358e-25	3	224	306	520	0.9866666666666667	STP
HATPase_c	111	NP_416871.1	1197	3.815475815187987e-26	2	110	825	937	0.9819819819819819	STP
Response_reg	112	NP_416871.1	1197	3.900278314664623e-30	1	111	961	1070	0.9910714285714286	STP
Aminotran_1_2	363	NP_416880.1	412	5.5952492427768396e-61	2	348	37	376	0.9559228650137741	STP
Response_reg	112	NP_416882.1	244	3.990277448477323e-24	1	111	3	112	0.9910714285714286	STP
LytTR	98	NP_416882.1	244	4.985547974409807e-34	2	97	146	242	0.9795918367346939	STP
HTH_18	81	NP_416883.1	285	8.374516697857379e-20	2	80	204	281	0.9753086419753086	STP
Glucokinase	316	NP_416889.1	321	9.806264760616413e-125	1	315	6	315	0.9968354430379747	STP
MASE1	300	NP_416896.4	729	1.0778136548945067e-60	2	298	16	314	0.99	STP
EAL	238	NP_416896.4	729	8.700744586620205e-60	2	238	493	724	0.9957983193277311	STP
HTH_1	60	NP_416900.1	294	2.274772981804639e-22	1	60	9	68	1.0	STP
LysR_substrate	209	NP_416900.1	294	4.3850971634328763e-38	2	203	93	291	0.9665071770334929	STP
HTH_1	60	NP_416904.1	308	2.9995892159225915e-23	1	60	5	64	1.0	STP
LysR_substrate	209	NP_416904.1	308	2.2713300063581855e-46	2	207	89	292	0.9856459330143541	STP
PALP	294	NP_416909.1	323	8.666988346927221e-70	3	293	10	300	0.9897959183673469	STP
PTS-HPr	82	NP_416910.1	85	2.868870654146627e-29	2	81	3	82	0.975609756097561	STP
PALP	294	NP_416916.1	303	2.3623623550178273e-69	2	294	5	281	0.9965986394557823	STP
SBP_bac_1	315	NP_416920.1	338	6.671106539229912e-20	5	314	37	277	0.9841269841269841	STP
HTH_6	77	NP_416922.1	285	3.0581993799348725e-29	1	76	1	76	0.987012987012987	STP
SIS	131	NP_416922.1	285	6.01871834739596e-22	2	130	132	260	0.9847328244274809	STP
PTS_EIIC	324	NP_416924.1	474	6.691461821472865e-42	3	324	120	401	0.9938271604938271	STP
HTH_18	81	NP_416932.1	350	1.2047311879165736e-23	1	79	262	342	0.9753086419753086	STP
Pyr_redox_2	292	NP_416963.1	659	3.376510887173793e-24	1	292	328	640	1.0	STP
MASE1	300	NP_416998.1	747	5.879954976663328e-68	1	300	15	320	1.0	STP
EAL	238	NP_416998.1	747	6.08441490605984e-67	2	238	498	730	0.9957983193277311	STP
Rhodanese	107	NP_417016.4	281	3.8092610339820625e-19	2	106	9	128	0.9813084112149533	STP
Rrf2	83	NP_417026.1	162	7.036199605438054e-28	1	83	1	83	1.0	STP
HTH_1	60	NP_417032.1	296	2.3362496425138787e-24	1	60	3	62	1.0	STP
LysR_substrate	209	NP_417032.1	296	3.313640525677241e-44	4	208	88	291	0.9808612440191388	STP
Pyr_redox_2	292	NP_417037.1	400	9.439487988550463e-53	2	292	5	299	0.9965753424657534	STP
Peripla_BP_1	279	NP_417043.1	327	1.647167390729236e-17	3	279	32	312	0.992831541218638	STP
Response_reg	112	NP_417049.1	444	1.1599598949406708e-30	2	111	9	117	0.9821428571428571	STP
HATPase_c	111	NP_417051.2	475	5.256909117504735e-17	4	109	363	470	0.954954954954955	STP
HTH_6	77	NP_417056.2	282	7.688694370497888e-31	1	77	1	77	1.0	STP
SIS	131	NP_417056.2	282	1.2127626851042235e-31	1	131	128	258	1.0	STP
RseA_N	87	NP_417067.1	216	1.6313334440897943e-37	1	87	1	87	1.0	STP
Sigma70_r2	71	NP_417068.1	191	1.0372987234705324e-18	1	70	25	91	0.9859154929577465	STP
Sigma70_r4_2	54	NP_417068.1	191	1.0797849954882367e-19	2	53	129	180	0.9629629629629629	STP
HTH_1	60	NP_417072.4	293	1.4449702173489845e-16	1	60	3	62	1.0	STP
LysR_substrate	209	NP_417072.4	293	9.840888762221602e-44	3	207	87	289	0.9808612440191388	STP
GGDEF	161	NP_417095.1	408	1.464692153036543e-45	1	159	249	403	0.9875776397515528	STP
Phage_AlpA	51	NP_417113.1	70	2.8069421528849276e-26	1	51	7	63	1.0	STP
MarR	59	NP_417169.1	176	3.3803625103340504e-17	1	58	53	112	0.9830508474576272	STP
CsrA	53	NP_417176.1	61	5.930387181032231e-28	1	52	1	52	0.9811320754716981	STP
HTH_DeoR	57	NP_417187.1	257	5.087947302293936e-22	1	56	6	61	0.9824561403508771	STP
DeoRC	160	NP_417187.1	257	8.61164730954209e-53	2	159	74	231	0.9875	STP
SIS	131	NP_417188.4	321	1.083240424520279e-29	2	130	39	169	0.9847328244274809	STP
Pyr_redox_2	292	NP_417191.1	377	1.293161979790872e-52	3	277	5	278	0.9417808219178082	STP
LacI	46	NP_417194.2	336	4.25582308030423e-22	1	46	3	48	1.0	STP
Peripla_BP_3	164	NP_417194.2	336	4.1164269802184236e-35	1	163	171	330	0.9939024390243902	STP
HTH_DeoR	57	NP_417215.2	255	5.2408115673881425e-17	1	54	6	59	0.9473684210526315	STP
DeoRC	160	NP_417215.2	255	1.1881608857804797e-51	3	159	76	231	0.98125	STP
Sigma70_r2	71	NP_417221.1	330	8.585944835012342e-22	1	70	94	163	0.9859154929577465	STP
Sigma70_r3	78	NP_417221.1	330	2.8978594222393534e-21	2	76	174	248	0.9615384615384616	STP
Sigma70_r4	50	NP_417221.1	330	6.42115488090971e-16	1	50	262	315	1.0	STP
NIR_SIR	159	NP_417243.1	570	2.5556948402181146e-48	2	159	173	331	0.9937106918238994	STP
HisKA	64	NP_417266.1	918	5.435124161006402e-21	2	64	293	357	0.984375	STP
HATPase_c	111	NP_417266.1	918	9.777176124886002e-33	1	110	404	519	0.990990990990991	STP
Response_reg	112	NP_417266.1	918	8.488479747715835e-30	1	110	670	780	0.9821428571428571	STP
HTH_DeoR	57	NP_417285.1	243	5.228081167914751e-22	1	56	5	60	0.9824561403508771	STP
DeoRC	160	NP_417285.1	243	4.0697258143670806e-45	2	160	76	233	0.99375	STP
HTH_1	60	NP_417288.1	305	2.950329302762428e-22	1	60	8	67	1.0	STP
LysR_substrate	209	NP_417288.1	305	1.274738012196951e-42	3	208	91	292	0.9856459330143541	STP
NUDIX	131	NP_417307.1	176	1.2584929601845431e-27	2	130	7	146	0.9847328244274809	STP
LacI	46	NP_417314.1	343	1.7742910273232733e-21	1	46	3	48	1.0	STP
Peripla_BP_3	164	NP_417314.1	343	1.0310827925181714e-36	1	164	168	329	1.0	STP
HTH_1	60	NP_417316.1	311	1.3779818002806442e-17	1	59	6	64	0.9833333333333333	STP
LysR_substrate	209	NP_417316.1	311	1.6545123838207376e-43	4	207	92	293	0.9760765550239234	STP
PALP	294	NP_417347.1	398	2.782329217137079e-50	4	292	41	375	0.9829931972789115	STP
Pyr_redox_2	292	NP_417354.1	1032	6.451763742707919e-47	2	292	552	840	0.9965753424657534	STP
Pyr_redox_2	292	NP_417363.2	639	2.8936334549765273e-21	2	292	312	623	0.9965753424657534	STP
NUDIX	131	NP_417365.1	182	4.828445075617487e-20	2	130	31	161	0.9847328244274809	STP
HTH_1	60	NP_417391.1	297	2.576996432152495e-19	2	60	7	64	0.9833333333333333	STP
B12-binding	121	NP_417392.1	714	1.8378199397782943e-16	2	117	586	699	0.9586776859504132	STP
PTS_EIIC	324	NP_417408.1	462	1.2570481920031744e-23	3	324	20	277	0.9938271604938271	STP
T2SSE	273	NP_417425.2	326	4.170917036648438e-42	76	264	74	258	0.6923076923076923	STP
HhH-GPD	108	NP_417436.1	350	4.439359930280088e-24	2	106	36	168	0.9722222222222222	STP
HTH_18	81	NP_417483.2	318	4.232250928784231e-22	1	77	232	307	0.9506172839506173	STP
SBP_bac_5	377	NP_417492.1	535	5.976683134352293e-80	1	374	75	453	0.9920424403183024	STP
Response_reg	112	NP_417497.1	219	1.8776056996112514e-22	1	111	3	112	0.9910714285714286	STP
Trans_reg_C	77	NP_417497.1	219	7.348843850822323e-24	1	77	145	216	1.0	STP
HATPase_c	111	NP_417498.1	449	7.563702398049593e-17	6	100	353	442	0.8558558558558559	STP
HATPase_c	111	NP_417502.1	630	8.053221272215162e-17	2	109	28	171	0.972972972972973	STP
PfkB	302	NP_417524.1	477	1.2225661962304455e-60	3	300	12	305	0.9867549668874173	STP
CYTH	179	NP_417526.1	433	1.3516358253889358e-39	2	179	3	196	0.994413407821229	STP
HTH_1	60	NP_417532.1	310	6.506125240006234e-16	2	60	9	67	0.9833333333333333	STP
LysR_substrate	209	NP_417532.1	310	2.1463466767534866e-35	3	208	93	296	0.9856459330143541	STP
Sigma70_r2	71	NP_417539.1	613	4.0987386469324827e-22	1	70	379	448	0.9859154929577465	STP
Sigma70_r3	78	NP_417539.1	613	8.54718830233933e-30	1	76	458	533	0.9743589743589743	STP
Sigma70_r4	50	NP_417539.1	613	1.556596065689746e-19	1	50	547	600	1.0	STP
PadR	75	NP_417542.1	207	1.4895193029649626e-16	1	74	67	136	0.9866666666666667	STP
MCPsignal	172	NP_417543.1	506	1.5014850270836148e-46	3	170	319	472	0.9767441860465116	STP
LacI	46	NP_417546.1	327	2.4812066454889275e-18	1	45	3	49	0.9782608695652174	STP
Peripla_BP_3	164	NP_417546.1	327	3.760513850995611e-31	3	164	168	326	0.9878048780487805	STP
Pyr_redox_2	292	NP_417552.1	672	2.423432750717959e-25	2	243	376	635	0.8287671232876712	STP
GntR	64	NP_417565.2	258	3.7733112570380515e-23	1	64	9	72	1.0	STP
HTH_1	60	NP_417576.1	298	1.211778412658616e-16	1	60	9	68	1.0	STP
LysR_substrate	209	NP_417576.1	298	6.352945742123418e-19	5	192	96	280	0.8995215311004785	STP
PALP	294	NP_417587.1	329	1.7159619598534842e-79	5	294	25	312	0.9863945578231292	STP
HTH_1	60	NP_417588.1	312	1.6214608688948186e-19	2	60	10	68	0.9833333333333333	STP
LysR_substrate	209	NP_417588.1	312	4.312211105165432e-32	7	206	98	296	0.9569377990430622	STP
HTH_DeoR	57	NP_417600.1	269	1.6148220852820161e-21	1	57	18	74	1.0	STP
DeoRC	160	NP_417600.1	269	8.79675425771807e-57	2	160	89	247	0.99375	STP
SIS	131	NP_417605.1	384	1.7983690192104987e-31	1	130	48	188	0.9923664122137404	STP
SIS	131	NP_417605.1	384	8.656092030069445e-25	2	131	221	357	0.9923664122137404	STP
AAA	132	NP_417645.1	644	1.5527035493428626e-46	1	131	188	320	0.9924242424242424	STP
EPSP_synthase	417	NP_417656.1	419	1.3278312978740127e-131	1	417	6	406	1.0	STP
SIS	131	NP_417664.1	328	2.330852579720131e-36	2	131	46	177	0.9923664122137404	STP
PTS-HPr	82	NP_417673.1	90	1.4127128502373564e-23	2	81	4	84	0.975609756097561	STP
GATase_2	420	NP_417679.2	1486	1.9810739904019904e-177	1	420	12	425	1.0	STP
Pyr_redox_2	292	NP_417680.1	472	2.3294442530281392e-26	1	292	147	459	1.0	STP
GntR	64	NP_417693.3	263	2.355877186736114e-21	1	64	32	95	1.0	STP
Arg_repressor	70	NP_417704.1	156	4.453856355588329e-27	1	69	5	74	0.9857142857142858	STP
HTH_1	60	NP_417710.1	309	3.887850136041034e-20	1	60	4	63	1.0	STP
LysR_substrate	209	NP_417710.1	309	2.0102139353338687e-39	4	206	90	290	0.9712918660287081	STP
GGDEF	161	NP_417718.1	646	3.560385720230721e-33	1	160	224	380	0.9937888198757764	STP
EAL	238	NP_417718.1	646	3.462279040916936e-37	4	236	403	628	0.9789915966386554	STP
TetR_N	47	NP_417730.1	220	1.7796180951888366e-18	1	47	16	62	1.0	STP
T2SSE	273	NP_417785.1	493	2.7558081710337646e-93	2	272	114	380	0.9926739926739927	STP
cNMP_binding	88	NP_417816.1	210	1.5763877971846474e-24	3	87	23	109	0.9659090909090909	STP
Crp	32	NP_417816.1	210	4.30478406586909e-16	1	32	166	197	1.0	STP
Pyr_redox_2	292	NP_417824.1	847	8.358024405416585e-52	2	277	5	292	0.9452054794520548	STP
PfkB	302	NP_417833.1	261	8.163701917082171e-39	35	295	23	260	0.8642384105960265	STP
GntR	64	NP_417834.6	243	3.2932882279825737e-24	1	64	12	75	1.0	STP
HATPase_c	111	NP_417863.1	450	8.96949361356102e-20	6	109	337	438	0.9369369369369369	STP
Response_reg	112	NP_417864.1	239	3.199835077438344e-30	1	112	7	117	1.0	STP
Trans_reg_C	77	NP_417864.1	239	5.4317624573651e-23	2	77	157	232	0.987012987012987	STP
GerE	57	NP_417877.1	901	1.614058105079506e-20	2	57	835	890	0.9824561403508771	STP
SBP_bac_1	315	NP_417910.1	438	4.2433697603754804e-39	10	314	41	337	0.9682539682539683	STP
Sigma70_r2	71	NP_417918.1	284	2.8115726313539985e-17	1	70	53	122	0.9859154929577465	STP
Sigma70_r4	50	NP_417918.1	284	1.5849070107250717e-17	1	50	228	280	1.0	STP
SBP_bac_5	377	NP_417933.1	524	2.86885337598911e-93	2	369	68	433	0.9761273209549072	STP
Pyr_redox_2	292	NP_417957.1	450	1.5079029494481174e-70	1	292	5	318	1.0	STP
HTH_5	47	NP_417958.1	117	8.817763695380471e-18	1	45	15	60	0.9574468085106383	STP
HTH_18	81	NP_417973.1	274	2.1339393404305895e-16	1	81	164	242	1.0	STP
GerE	57	NP_417977.1	200	3.6603909017072903e-22	1	57	140	196	1.0	STP
HTH_1	60	NP_417978.2	299	1.2394655744973104e-18	2	59	5	62	0.9666666666666667	STP
LysR_substrate	209	NP_417978.2	299	8.848379321998455e-44	3	206	89	292	0.9760765550239234	STP
EAL	238	NP_417982.2	255	1.9817085170352714e-30	10	238	27	242	0.9621848739495799	STP
PfkB	302	NP_417983.2	309	3.6913683376833874e-75	2	300	3	305	0.9900662251655629	STP
EAL	238	NP_417986.4	662	1.4890145979828995e-60	3	238	415	648	0.9915966386554622	STP
SBP_bac_5	377	NP_418001.1	535	1.0382381127649309e-108	1	375	73	453	0.9946949602122016	STP
Peripla_BP_3	164	NP_418026.1	392	4.744903765151528e-38	3	164	113	277	0.9878048780487805	STP
HTH_18	81	NP_418026.1	392	5.352204338513629e-20	3	79	309	384	0.9506172839506173	STP
IclR	129	NP_418031.1	282	1.3033959376596308e-45	2	128	143	268	0.9844961240310077	STP
DctP	286	NP_418036.1	328	8.27817326496837e-105	1	285	30	312	0.9965034965034965	STP
LysR_substrate	209	NP_418042.1	324	1.1473554569338067e-17	5	207	95	303	0.9712918660287081	STP
PTS_EIIC	324	NP_418056.1	637	4.888559702115454e-21	1	324	17	277	1.0	STP
GntR	64	NP_418061.1	258	1.236165682754713e-22	1	64	8	71	1.0	STP
Rhodanese	107	NP_418068.1	143	2.090907012754905e-17	3	105	43	133	0.9626168224299065	STP
Peptidase_M23	96	NP_418070.6	419	1.341392317155649e-26	3	96	320	413	0.9791666666666666	STP
Aminotran_1_2	363	NP_418074.1	398	2.5991856813642095e-80	2	363	43	387	0.9972451790633609	STP
Response_reg	112	NP_418125.1	196	5.996373236046425e-25	1	111	4	112	0.9910714285714286	STP
GerE	57	NP_418125.1	196	1.5033809915599944e-23	2	55	137	190	0.9473684210526315	STP
HTH_18	81	NP_418136.2	297	1.7806902220992972e-17	2	80	207	284	0.9753086419753086	STP
GntR	64	NP_418139.1	238	1.1148037320340453e-21	2	63	3	64	0.96875	STP
LysR_substrate	209	NP_418167.1	319	1.663239906658793e-16	17	206	108	313	0.9090909090909091	STP
PTS_EIIC	324	NP_418178.1	625	1.3586622414747956e-30	2	323	106	389	0.9938271604938271	STP
SIS	131	NP_418185.1	609	5.199335521479018e-35	1	130	289	418	0.9923664122137404	STP
SIS	131	NP_418185.1	609	1.1622385820477304e-31	2	130	462	591	0.9847328244274809	STP
AsnC_trans_reg	75	NP_418199.1	152	1.6479274478613926e-18	5	74	76	143	0.9333333333333333	STP
Peripla_BP_1	279	NP_418207.1	296	9.064274840751855e-27	2	250	27	268	0.8924731182795699	STP
PfkB	302	NP_418208.1	309	8.822840295871952e-79	3	301	6	297	0.9900662251655629	STP
LacI	46	NP_418209.1	330	1.2746839841117709e-21	1	46	3	48	1.0	STP
Peripla_BP_3	164	NP_418209.1	330	3.686337287874634e-41	1	163	169	329	0.9939024390243902	STP
PALP	294	NP_418220.1	514	4.4738495935683485e-78	5	294	29	316	0.9863945578231292	STP
HTH_1	60	NP_418221.1	297	4.310817642230928e-22	1	60	3	62	1.0	STP
LysR_substrate	209	NP_418221.1	297	8.95575484291535e-38	4	204	89	293	0.9617224880382775	STP
HEM4	232	NP_418248.1	246	5.966605403556237e-41	2	231	14	242	0.9913793103448276	STP
HTH_1	60	NP_418272.1	317	8.911719507061128e-17	2	60	5	63	0.9833333333333333	STP
LysR_substrate	209	NP_418272.1	317	3.310861949595895e-44	3	207	86	288	0.9808612440191388	STP
Response_reg	112	NP_418304.1	469	1.456690383677506e-31	1	111	6	115	0.9910714285714286	STP
HTH_8	42	NP_418304.1	469	4.720134680195124e-16	3	42	427	466	0.9523809523809523	STP
HATPase_c	111	NP_418305.1	349	7.187502688772172e-18	2	109	234	347	0.972972972972973	STP
GntR	64	NP_418308.1	236	2.766727256801268e-20	2	64	8	70	0.984375	STP
PfkB	302	NP_418319.2	298	1.265967619004566e-67	2	301	2	286	0.9933774834437086	STP
HTH_DeoR	57	NP_418320.2	261	1.631299004936013e-23	1	56	11	66	0.9824561403508771	STP
DeoRC	160	NP_418320.2	261	4.498160096614315e-50	2	160	79	237	0.99375	STP
PTS_EIIC	324	NP_418335.4	483	1.4755188779010696e-28	2	321	134	406	0.9876543209876543	STP
AraC_binding	136	NP_418341.1	278	2.135076435200605e-24	4	136	16	154	0.9779411764705882	STP
HTH_18	81	NP_418341.1	278	2.3771581201609709e-26	2	80	194	271	0.9753086419753086	STP
AraC_binding	136	NP_418342.2	282	2.82724941804668e-23	8	120	23	140	0.8308823529411765	STP
HTH_18	81	NP_418342.2	282	2.7983729242082724e-22	2	79	199	275	0.9629629629629629	STP
HATPase_c	111	NP_418347.1	457	1.2380642135733474e-20	2	110	346	454	0.9819819819819819	STP
Response_reg	112	NP_418348.1	232	1.0886182725912431e-29	1	112	4	112	1.0	STP
Trans_reg_C	77	NP_418348.1	232	3.6415016000411023e-22	1	77	152	228	1.0	STP
SBP_bac_1	315	NP_418352.1	329	4.232896488127354e-19	4	315	32	272	0.9904761904761905	STP
LacI	46	NP_418369.1	341	2.5485046817446386e-20	1	46	11	56	1.0	STP
Peripla_BP_3	164	NP_418369.1	341	5.900036324148506e-45	1	164	176	337	1.0	STP
HTH_18	81	NP_418389.1	283	1.0309894261593157e-21	1	81	191	270	1.0	STP
HTH_1	60	NP_418396.1	305	2.438819719946654e-21	1	59	3	61	0.9833333333333333	STP
LysR_substrate	209	NP_418396.1	305	1.1600495922230648e-54	4	208	89	293	0.9808612440191388	STP
Pyr_redox_2	292	NP_418397.2	466	8.34590761283821e-59	1	292	7	326	1.0	STP
HATPase_c	111	NP_418431.1	465	5.707269109857998e-26	2	110	353	457	0.9819819819819819	STP
Response_reg	112	NP_418432.1	441	5.772796897270293e-31	1	111	8	117	0.9910714285714286	STP
HTH_8	42	NP_418432.1	441	9.022015205934939e-16	3	41	403	441	0.9285714285714286	STP
HTH_IclR	52	NP_418442.2	274	2.7014772527436244e-19	1	51	26	76	0.9807692307692307	STP
IclR	129	NP_418442.2	274	3.28194239635096e-42	4	127	145	267	0.9612403100775194	STP
B12-binding_2	75	NP_418443.1	1227	7.453621953009836e-26	2	75	660	733	0.9866666666666667	STP
B12-binding	121	NP_418443.1	1227	8.864208631620172e-19	2	94	748	840	0.768595041322314	STP
SBP_bac_1	315	NP_418458.1	396	4.040704743110497e-43	9	313	45	315	0.9682539682539683	STP
LexA_DNA_bind	65	NP_418467.1	202	3.121053842664033e-32	1	65	1	65	1.0	STP
Aminotran_1_2	363	NP_418478.1	397	3.524170635386092e-87	2	362	27	392	0.9944903581267218	STP
EAL	238	NP_418485.1	528	2.2519608300675783e-71	2	237	273	505	0.9915966386554622	STP
HTH_18	81	NP_418486.1	107	1.9074969306158906e-24	1	81	27	106	1.0	STP
Peripla_BP_1	279	NP_418512.1	311	5.535993807650773e-20	5	207	28	241	0.7275985663082437	STP
HTH_6	77	NP_418513.4	296	2.1953053738978284e-27	2	77	15	90	0.987012987012987	STP
SIS	131	NP_418513.4	296	6.248689673377245e-33	2	130	138	266	0.9847328244274809	STP
GntR	64	NP_418526.1	241	2.2296181997103254e-22	2	64	14	75	0.984375	STP
HATPase_c	111	NP_418536.1	363	6.92918461351314e-18	1	110	249	356	0.990990990990991	STP
Response_reg	112	NP_418537.1	222	1.0358334593246711e-26	1	112	3	113	1.0	STP
Trans_reg_C	77	NP_418537.1	222	3.927281909974164e-21	1	77	145	216	1.0	STP
HTH_18	81	NP_418542.1	302	1.8768616513083614e-19	2	80	214	291	0.9753086419753086	STP
Response_reg	112	NP_418548.1	239	1.1215551168138938e-19	1	111	4	117	0.9910714285714286	STP
HATPase_c	111	NP_418549.1	543	9.292870725953065e-19	5	108	434	535	0.9369369369369369	STP
Trans_reg_C	77	NP_418557.1	512	1.1395876764994707e-19	1	77	24	100	1.0	STP
Rrf2	83	NP_418599.1	141	1.0904703736736596e-25	1	82	1	82	0.9879518072289156	STP
HTH_DeoR	57	NP_418612.1	251	5.730462888894285e-21	1	57	6	62	1.0	STP
DeoRC	160	NP_418612.1	251	5.524675250057574e-38	2	159	76	230	0.9875	STP
Hemerythrin	131	NP_418630.1	220	2.763214794874095e-28	3	131	77	216	0.9847328244274809	STP
HxlR	91	NP_418633.4	126	1.4920480255986443e-32	2	88	29	115	0.9560439560439561	STP
Peripla_BP_1	279	NP_418648.1	318	4.59057793294424e-17	15	223	37	252	0.7491039426523297	STP
PTS_EIIC	324	NP_418661.1	473	1.3989162467205957e-31	3	323	114	405	0.9907407407407407	STP
LacI	46	NP_418662.1	315	1.7146085730968614e-21	1	46	6	51	1.0	STP
Peripla_BP_3	164	NP_418662.1	315	7.038759040371329e-20	2	156	168	312	0.9451219512195121	STP
LacI	46	NP_418685.1	332	1.865785248122125e-20	2	46	8	52	0.9782608695652174	STP
Peripla_BP_3	164	NP_418685.1	332	9.522775122577077e-25	6	161	177	329	0.9512195121951219	STP
Peripla_BP_2	238	NP_418710.4	300	1.1188118456017467e-29	1	237	40	269	0.9957983193277311	STP
FecR	96	NP_418712.1	317	8.397659961842611e-17	2	95	110	202	0.9791666666666666	STP
IclR	129	NP_418719.1	262	5.331504057350874e-42	4	128	124	247	0.9689922480620154	STP
HTH_DeoR	57	NP_418720.1	260	4.017526492228342e-23	1	57	8	65	1.0	STP
DeoRC	160	NP_418720.1	260	3.193334322388898e-47	4	160	81	236	0.98125	STP
GntR	64	NP_418744.1	257	9.469273096775174e-24	1	64	10	73	1.0	STP
LysR_substrate	209	NP_418747.1	303	9.472006327780235e-26	4	206	99	297	0.9712918660287081	STP
GntR	64	NP_418760.1	470	2.1775024949707676e-16	2	64	4	66	0.984375	STP
Aminotran_1_2	363	NP_418760.1	470	5.348497503624392e-37	30	363	132	461	0.9201101928374655	STP
MCPsignal	172	NP_418775.1	551	3.022132067263218e-61	1	172	327	484	1.0	STP
GerE	57	NP_418786.4	225	3.734726457795804e-16	2	54	152	204	0.9298245614035088	STP
Glycos_trans_3N	63	NP_418799.1	440	2.2249855934011504e-19	2	63	6	67	0.9841269841269841	STP
Trp_repressor	88	NP_418810.1	108	5.085169243607777e-29	1	86	17	102	0.9772727272727273	STP
HTH_18	81	NP_418813.1	289	3.487580910272401e-20	1	80	27	105	0.9876543209876543	STP
GyrI-like	155	NP_418813.1	289	1.9723126267804996e-22	2	155	127	288	0.9935483870967742	STP
Response_reg	112	NP_418815.1	229	1.0485955440706798e-26	1	111	6	115	0.9910714285714286	STP
Trans_reg_C	77	NP_418815.1	229	5.2518581274821955e-24	2	77	151	226	0.987012987012987	STP
HATPase_c	111	NP_418816.1	474	1.3128785319500945e-17	5	100	367	462	0.8648648648648649	STP
Response_reg	112	NP_418818.1	238	2.0451142948557986e-27	1	110	6	113	0.9821428571428571	STP
Trans_reg_C	77	NP_418818.1	238	6.080706559302714e-19	1	77	156	232	1.0	STP
PTS_EIIC	324	YP_026182.1	485	8.585154973884199e-43	3	324	113	396	0.9938271604938271	STP
GyrI-like	155	YP_026197.1	160	1.0554960850927476e-31	2	154	7	159	0.9870967741935484	STP
PAS	113	YP_026207.1	778	2.746625022155892e-18	2	113	156	266	0.9911504424778761	STP
HisKA	64	YP_026207.1	778	6.036229876399713e-16	2	63	283	346	0.96875	STP
HATPase_c	111	YP_026207.1	778	9.964621368666197e-32	2	108	395	504	0.963963963963964	STP
Response_reg	112	YP_026207.1	778	1.430315517266263e-22	1	111	528	639	0.9910714285714286	STP
SKI	158	YP_026215.2	173	2.411150497103953e-57	1	157	13	170	0.9936708860759493	STP
LacI	46	YP_026222.1	331	1.4476538915058251e-18	2	46	8	52	0.9782608695652174	STP
Peripla_BP_1	279	YP_026222.1	331	2.0699149607214153e-31	2	259	64	309	0.9247311827956989	STP
Aminotran_1_2	363	YP_026231.1	417	7.918183156097081e-22	126	348	165	391	0.6143250688705234	STP
HATPase_c	111	YP_026241.1	804	3.9192293414138664e-22	2	110	32	174	0.9819819819819819	STP
GntR	64	YP_026245.1	230	1.2793874683545127e-19	5	64	18	77	0.9375	STP
HTH_1	60	YP_026246.1	279	5.836458194348616e-21	2	60	4	62	0.9833333333333333	STP
NUDIX	131	YP_026280.1	257	3.91727523774785e-18	7	116	132	234	0.8396946564885496	STP
