TCDB ID	TCDB Length	Target ID	Target Length	EVALUE	TCDB START	TCDB END	QSTART	QEND	COVERAGE	Database
2.A.25.1.10	476	NP_414548.1	476	0.0	1	476	1	476	100.0	TC
8.A.176.1.1	736	NP_414550.1	195	2.77e-22	15	161	4	149	74.9	TC
2.A.96.1.1	188	NP_414551.1	188	1.6e-132	1	188	1	188	100.0	TC
1.A.33.1.2	638	NP_414555.1	638	0.0	1	638	1	638	100.0	TC
8.A.192.1.4	374	NP_414556.1	376	4.65e-72	1	358	1	344	91.5	TC
1.E.53.1.1	50	NP_414559.1	69	1.05e-28	1	50	20	69	72.5	TC
2.A.33.1.1	388	NP_414560.1	388	1.7099999999999998e-268	1	388	1	388	100.0	TC
9.B.105.1.5	163	NP_414568.1	164	2.99e-17	2	139	13	153	86.0	TC
4.C.1.1.6	517	NP_414579.4	517	0.0	1	517	1	517	100.0	TC
2.A.15.2.1	504	NP_414582.1	504	0.0	1	504	1	504	100.0	TC
3.D.12.1.1	365	NP_414584.1	313	2.1900000000000003e-27	105	353	65	310	78.6	TC
3.D.12.1.1	433	NP_414585.1	428	8.57e-91	5	427	6	423	97.7	TC
3.D.12.1.1	96	NP_414586.1	95	6.92e-21	7	96	7	95	93.7	TC
2.A.1.1.114	443	NP_414587.1	443	0.0	1	443	1	443	100.0	TC
2.A.37.1.1	176	NP_414588.1	176	3.42e-137	1	176	1	176	100.0	TC
2.A.37.1.1	620	NP_414589.1	620	0.0	1	620	1	620	100.0	TC
1.B.42.1.2	784	NP_414596.1	784	0.0	1	784	1	784	100.0	TC
3.A.1.19.1	232	NP_414608.1	232	3.65e-162	1	232	1	232	100.0	TC
3.A.1.19.1	536	NP_414609.1	536	0.0	1	536	1	536	100.0	TC
3.A.1.19.1	327	NP_414610.1	327	6.96e-244	1	327	1	327	100.0	TC
2.A.128.2.3	743	NP_414627.1	495	2.61e-60	286	739	28	491	93.7	TC
9.B.146.1.6	360	NP_414629.1	360	2.81e-262	1	360	1	360	100.0	TC
3.A.5.1.1	901	NP_414640.1	901	0.0	1	901	1	901	100.0	TC
3.A.15.2.1	374	NP_414648.1	400	3.1099999999999998e-46	7	374	35	397	90.8	TC
3.A.15.2.1	566	NP_414649.1	461	1.27e-106	183	563	80	454	81.3	TC
9.B.125.1.1	284	NP_414653.1	284	3.71e-206	1	284	1	284	100.0	TC
2.A.3.1.3	457	NP_414654.1	457	0.0	1	457	1	457	100.0	TC
2.A.1.86.5	516	NP_414663.1	288	7.819999999999999e-23	237	412	18	191	60.4	TC
8.A.2.1.3	115	NP_414664.4	115	3.18e-81	1	115	1	115	100.0	TC
9.B.306.4.2	796	NP_414666.1	796	0.0	1	796	1	796	100.0	TC
2.A.53.3.8	750	NP_414668.1	220	1.28e-60	539	731	2	193	87.3	TC
3.A.1.105.17	308	NP_414669.1	308	3.74e-218	1	308	1	308	100.0	TC
3.A.1.105.17	256	NP_414670.1	256	1.05e-182	1	256	1	256	100.0	TC
1.B.11.3.3	865	NP_414681.1	865	0.0	1	865	1	865	100.0	TC
1.B.14.1.2	747	NP_414692.1	747	0.0	1	747	1	747	100.0	TC
3.A.1.14.3	265	NP_414693.1	265	2.7000000000000002e-194	1	265	1	265	100.0	TC
3.A.1.14.3	296	NP_414694.1	296	3.77e-221	1	296	1	296	100.0	TC
3.A.1.14.3	660	NP_414695.1	660	0.0	1	660	1	660	100.0	TC
2.A.49.5.1	473	NP_414697.1	473	0.0	1	473	1	473	100.0	TC
1.A.62.2.2	204	NP_414699.1	207	2.9600000000000003e-123	1	204	1	204	98.6	TC
3.A.1.13.1	266	NP_414700.1	266	7.08e-154	1	266	1	266	100.0	TC
8.A.217.1.1	458	NP_414703.1	474	1.49e-35	179	434	111	353	51.3	TC
9.B.273.1.2	273	NP_414717.2	285	1.09e-31	1	272	1	278	97.5	TC
9.B.149.2.3	450	NP_414718.1	450	0.0	1	450	1	450	100.0	TC
1.B.33.1.3	810	NP_414719.1	810	0.0	1	810	1	810	100.0	TC
3.A.1.24.1	271	NP_414739.1	271	1.01e-192	1	271	1	271	100.0	TC
3.A.1.24.1	217	NP_414740.1	217	9.569999999999999e-114	1	217	1	217	100.0	TC
3.A.1.24.1	343	NP_414741.1	343	2.1599999999999998e-246	1	343	1	343	100.0	TC
1.B.1.1.2	351	NP_414776.1	351	9.000000000000001e-259	1	351	1	351	100.0	TC
2.A.3.1.10	467	NP_414794.4	467	0.0	1	467	1	467	100.0	TC
3.A.1.20.2	351	NP_414796.2	348	2.4200000000000002e-163	1	347	1	344	98.9	TC
2.A.2.3.5	460	NP_414804.1	460	0.0	1	460	1	460	100.0	TC
9.B.365.2.1	215	NP_414835.2	197	1.67e-36	4	191	1	183	92.9	TC
2.A.15.1.4	677	NP_414848.1	677	0.0	1	677	1	677	100.0	TC
9.B.34.1.5	906	NP_414849.1	362	2.81e-39	663	900	116	353	65.7	TC
2.A.76.1.3	223	NP_414862.1	223	9.73e-158	1	223	1	223	100.0	TC
3.A.23.1.1	530	NP_414864.1	528	5.98e-54	193	418	218	456	45.3	TC
4.C.1.1.6	517	NP_414869.1	628	3.21e-27	38	517	84	599	82.2	TC
2.A.39.1.1	419	NP_414870.1	419	5.1999999999999995e-297	1	419	1	419	100.0	TC
2.A.53.3.12	764	NP_414873.1	219	9.7e-18	571	739	26	189	74.9	TC
2.A.1.17.1	384	NP_414875.1	384	1.07e-269	1	384	1	384	100.0	TC
2.A.1.5.1	417	NP_414877.1	417	4.97e-294	1	417	1	417	100.0	TC
2.A.1.15.2	403	NP_414887.2	403	3.77e-275	1	403	1	403	100.0	TC
1.B.95.1.1	257	NP_414892.1	257	1.77e-195	1	257	1	257	100.0	TC
3.A.1.17.1	320	NP_414899.2	320	3.36e-227	1	320	1	320	100.0	TC
3.A.1.17.1	255	NP_414900.1	255	5.62e-182	1	255	1	255	100.0	TC
3.A.1.17.1	275	NP_414901.1	275	8.549999999999999e-187	1	275	1	275	100.0	TC
9.A.18.1.1	406	NP_414911.1	406	2.45e-293	1	406	1	406	100.0	TC
9.B.381.1.1	102	NP_414913.1	102	1.22e-72	1	102	1	102	100.0	TC
9.B.382.1.1	70	NP_414914.2	70	5.51e-50	1	70	1	70	100.0	TC
9.B.34.1.2	371	NP_414919.1	371	4.74e-271	1	371	1	371	100.0	TC
2.A.1.2.14	394	NP_414930.3	394	7.300000000000001e-273	1	394	1	394	100.0	TC
2.A.26.1.10	439	NP_414935.1	439	5.33e-307	1	439	1	439	100.0	TC
2.A.3.1.23	457	NP_414936.1	457	0.0	1	457	1	457	100.0	TC
3.A.5.1.1	110	NP_414941.1	110	1.27e-71	1	110	1	110	100.0	TC
2.A.6.4.1	615	NP_414942.1	615	0.0	1	615	1	615	100.0	TC
2.A.6.4.1	323	NP_414943.1	323	4.9600000000000004e-226	1	323	1	323	100.0	TC
1.B.10.1.1	294	NP_414945.1	294	1.44e-233	1	294	1	294	100.0	TC
8.A.5.1.6	324	NP_414953.2	324	1.19e-238	1	324	1	324	100.0	TC
8.A.145.1.5	392	NP_414958.4	196	7.45e-25	215	392	9	191	93.4	TC
2.A.1.2.60	454	NP_414961.4	454	0.000000000000000000000000000000	1	454	1	454	100.0	TC
3.D.4.5.1	109	NP_414963.1	109	1.7500000000000002e-73	1	109	1	109	100.0	TC
3.D.4.5.1	204	NP_414964.1	204	2.34e-151	1	204	1	204	100.0	TC
3.D.4.5.1	663	NP_414965.1	663	0.0	1	663	1	663	100.0	TC
3.D.4.5.1	315	NP_414966.1	315	1.75e-231	1	315	1	315	100.0	TC
2.A.1.25.2	491	NP_414967.1	491	0.0	1	491	1	491	100.0	TC
3.A.26.1.1	370	NP_414971.1	207	2.1600000000000003e-43	186	356	32	203	83.1	TC
3.A.5.1.1	623	NP_414975.1	623	0.0	1	623	1	623	100.0	TC
3.A.11.2.3	103	NP_414976.1	123	1.32e-16	42	103	62	123	50.4	TC
3.A.1.106.13	590	NP_414982.1	590	0.0	1	590	1	590	100.0	TC
3.A.1.106.13	593	NP_414983.1	593	0.0	1	593	1	593	100.0	TC
1.A.11.1.1	428	NP_414985.1	428	1.1e-298	1	428	1	428	100.0	TC
3.A.5.1.1	117	NP_414989.1	117	2.2199999999999998e-82	1	117	1	117	100.0	TC
2.A.6.2.2	1049	NP_414995.1	1049	0.0	1	1049	1	1049	100.0	TC
8.A.1.6.1	397	NP_414996.1	397	1.37e-274	1	397	1	397	100.0	TC
1.A.23.1.1	1120	NP_414998.1	1120	0.0	1	1120	1	1120	100.0	TC
8.A.163.1.3	634	NP_415006.1	624	6.1000000000000006e-276	8	630	5	623	99.2	TC
2.A.37.1.5	558	NP_415011.1	558	0.0	1	558	1	558	100.0	TC
2.A.1.35.1	406	NP_415012.1	406	1.28e-279	1	406	1	406	100.0	TC
3.A.3.5.5	834	NP_415017.1	834	0.0	1	834	1	834	100.0	TC
2.A.3.6.4	430	NP_415019.1	430	1.7e-287	1	430	1	430	100.0	TC
8.A.21.2.2	305	NP_415022.1	305	3.41e-162	1	305	1	305	100.0	TC
3.A.1.139.2	225	NP_415023.1	225	2.5900000000000003e-163	1	225	1	225	100.0	TC
3.A.1.139.2	259	NP_415024.4	259	8.429999999999999e-170	1	259	1	259	100.0	TC
1.A.115.1.3	287	NP_415026.1	269	4.07e-29	19	197	20	196	65.8	TC
3.A.1.122.15	228	NP_415028.1	228	5.2e-160	1	228	1	228	100.0	TC
3.A.1.122.15	804	NP_415029.1	804	0.0	1	804	1	804	100.0	TC
2.A.39.3.8	484	NP_415044.4	484	0.0	1	484	1	484	100.0	TC
2.A.40.5.1	433	NP_415046.4	433	2.8599999999999997e-308	1	433	1	433	100.0	TC
1.B.11.3.9	878	NP_415065.1	867	2.93e-278	10	877	11	862	98.3	TC
2.A.7.1.3	110	NP_415075.1	110	1.74e-78	1	110	1	110	100.0	TC
1.E.1.1.2	71	NP_415086.1	71	7.819999999999999e-46	1	71	1	71	100.0	TC
1.M.1.1.1	153	NP_415088.1	153	2.69e-98	1	153	1	153	100.0	TC
9.B.50.1.1	317	NP_415097.1	317	2.81e-238	1	317	1	317	100.0	TC
2.A.21.9.1	983	NP_415102.1	480	2.74e-18	761	974	266	479	44.6	TC
1.B.17.3.5	457	NP_415104.1	457	0.000000000000000000000000000000	1	457	1	457	100.0	TC
2.A.6.1.4	110	NP_415105.1	110	9.69e-76	1	110	1	110	100.0	TC
2.A.6.1.4	407	NP_415106.1	407	3.1e-292	1	407	1	407	100.0	TC
2.A.6.1.4	1047	NP_415107.1	1047	0.0	1	1047	1	1047	100.0	TC
2.A.3.1.1	458	NP_415108.1	458	0.0	1	458	1	458	100.0	TC
1.A.23.4.5	415	NP_415109.1	415	1.66e-291	1	415	1	415	100.0	TC
1.B.14.1.22	746	NP_415116.1	746	0.0	1	746	1	746	100.0	TC
3.A.1.14.2	271	NP_415120.1	271	9.43e-198	1	271	1	271	100.0	TC
3.A.1.14.2	330	NP_415121.1	330	4.519999999999999e-221	1	330	1	330	100.0	TC
3.A.1.14.2	334	NP_415122.1	334	6.86e-218	1	334	1	334	100.0	TC
2.A.1.38.1	416	NP_415123.1	416	1.2399999999999998e-282	1	416	1	416	100.0	TC
3.A.1.14.2	318	NP_415124.1	318	1.26e-221	1	318	1	318	100.0	TC
2.A.1.42.2	1134	NP_415126.1	536	1.72e-17	653	1114	48	522	88.6	TC
2.A.114.1.1	701	NP_415130.1	701	0.0	1	701	1	701	100.0	TC
8.A.147.1.2	180	NP_415138.1	187	7.38e-36	27	180	22	177	83.4	TC
2.A.47.3.2	487	NP_415145.1	487	0.0	1	487	1	487	100.0	TC
1.W.6.4.1	700	NP_415149.4	302	9.89e-41	9	304	14	298	94.4	TC
2.A.61.1.1	461	NP_415154.1	461	8.46e-306	1	461	1	461	100.0	TC
1.A.43.1.1	127	NP_415157.1	127	7.739999999999999e-90	1	127	1	127	100.0	TC
2.A.64.1.1	67	NP_415160.1	67	1.26e-38	1	67	1	67	100.0	TC
1.B.42.1.2	193	NP_415174.1	193	2.3400000000000003e-132	1	193	1	193	100.0	TC
3.A.9.1.1	706	NP_415183.1	556	2.25e-90	67	574	4	480	85.8	TC
3.A.1.3.4	241	NP_415185.1	241	2.11e-170	1	241	1	241	100.0	TC
3.A.1.3.4	224	NP_415186.1	224	5.36e-151	1	224	1	224	100.0	TC
3.A.1.3.4	246	NP_415187.1	246	6.09e-177	1	246	1	246	100.0	TC
3.A.1.3.4	302	NP_415188.1	302	5.5300000000000005e-217	1	302	1	302	100.0	TC
1.C.126.1.2	292	NP_415191.1	292	2.69e-203	1	292	1	292	100.0	TC
3.A.23.6.1	314	NP_415193.2	346	2.4800000000000002e-75	89	310	100	321	64.2	TC
4.A.1.1.2	648	NP_415205.1	648	0.0	1	648	1	648	100.0	TC
1.B.25.1.13	468	NP_415207.1	468	0.0	1	468	1	468	100.0	TC
2.A.3.2.1	439	NP_415219.1	439	0.000000000000000000000000000000	1	439	1	439	100.0	TC
9.B.238.3.2	511	NP_415223.1	894	6.52e-22	248	486	650	880	25.8	TC
3.A.3.7.1	190	NP_415224.1	190	5.3300000000000005e-132	1	190	1	190	100.0	TC
3.A.3.7.1	682	NP_415225.1	682	0.0	1	682	1	682	100.0	TC
3.A.3.7.1	557	NP_415226.1	557	0.0	1	557	1	557	100.0	TC
2.A.17.1.4	493	NP_415237.1	493	0.0	1	493	1	493	100.0	TC
1.B.11.2.2	815	NP_415246.2	815	0.0	1	815	1	815	100.0	TC
1.C.80.1.4	188	NP_415247.1	188	1.19e-102	1	188	1	188	100.0	TC
3.D.10.1.6	597	NP_415251.1	588	1.01e-206	12	597	7	588	99.0	TC
3.D.10.1.7	280	NP_415252.1	238	1.41e-85	41	270	4	233	96.6	TC
4.A.2.1.3	658	NP_415259.1	658	0.0	1	658	1	658	100.0	TC
3.D.4.3.2	522	NP_415261.2	522	0.0	1	522	1	522	100.0	TC
3.D.4.3.2	379	NP_415262.1	379	4.98e-277	1	379	1	379	100.0	TC
8.A.79.1.1	97	NP_415263.1	97	5.3299999999999994e-67	1	97	1	97	100.0	TC
1.A.30.2.2	230	NP_415265.1	230	2.88e-158	1	230	1	230	100.0	TC
1.A.30.2.2	142	NP_415266.1	142	6.31e-94	1	142	1	142	100.0	TC
2.C.1.2.1	421	NP_415267.1	421	9.01e-120	1	421	1	421	100.0	TC
2.C.1.2.1	430	NP_415268.1	430	1.0099999999999999e-214	1	430	1	430	100.0	TC
2.C.1.2.1	173	NP_415269.1	173	9.43e-120	1	173	1	173	100.0	TC
2.C.1.2.1	263	NP_415270.1	263	3.67e-122	1	263	1	263	100.0	TC
4.B.1.1.1	239	NP_415272.1	239	1.1899999999999999e-150	1	238	1	238	99.6	TC
2.A.4.1.4	313	NP_415273.1	313	1.6000000000000001e-226	1	313	1	313	100.0	TC
3.A.1.26.3	711	NP_415281.1	490	1.9499999999999997e-23	246	702	10	471	94.3	TC
8.A.50.1.1	49	NP_415283.1	49	1.2300000000000001e-26	1	49	1	49	100.0	TC
3.A.1.8.1	257	NP_415284.1	257	9.32e-182	1	257	1	257	100.0	TC
3.A.1.8.1	229	NP_415285.1	229	6.55e-159	1	229	1	229	100.0	TC
3.A.1.8.1	352	NP_415286.1	352	4.43e-255	1	352	1	352	100.0	TC
2.A.47.3.5	477	NP_415291.1	477	0.0	1	477	1	477	100.0	TC
1.A.14.2.2	234	NP_415307.1	234	1.86e-156	1	234	1	234	100.0	TC
1.A.14.2.4	237	NP_415308.1	237	4.83e-149	1	237	1	237	100.0	TC
4.D.2.4.3	318	NP_415309.1	318	2.76e-225	1	318	1	318	100.0	TC
9.B.15.1.1	136	NP_415312.1	136	3.87e-92	1	136	1	136	100.0	TC
3.A.1.105.15	368	NP_415313.1	368	2.0400000000000002e-259	1	368	1	368	100.0	TC
3.A.1.105.15	377	NP_415314.1	377	5.01e-260	1	377	1	377	100.0	TC
3.A.1.105.15	578	NP_415315.4	578	0.0	1	578	1	578	100.0	TC
3.A.1.105.15	332	NP_415316.1	332	7.56e-198	1	332	1	332	100.0	TC
1.I.1.1.3	662	NP_415318.1	454	1.43e-82	181	568	2	369	81.1	TC
1.B.14.1.9	760	NP_415326.1	760	0.0	1	760	1	760	100.0	TC
1.A.23.3.2	741	NP_415329.4	741	0.0	1	741	1	741	100.0	TC
3.A.1.3.2	240	NP_415330.1	240	2.38e-171	1	240	1	240	100.0	TC
3.A.1.3.2	219	NP_415331.1	219	8.619999999999999e-150	1	219	1	219	100.0	TC
3.A.1.3.2	248	NP_415332.1	248	1.74e-177	1	248	1	248	100.0	TC
2.A.7.3.6	295	NP_415334.1	295	1.61e-201	1	295	1	295	100.0	TC
1.B.6.2.1	171	NP_415335.1	171	4.1800000000000004e-122	1	171	1	171	100.0	TC
2.A.45.2.5	372	NP_415339.1	372	2.33e-267	1	372	1	372	100.0	TC
9.B.325.1.1	546	NP_415341.1	530	1.78e-166	1	525	1	526	99.2	TC
3.A.25.2.1	584	NP_415347.1	249	1.33e-29	83	312	6	230	90.4	TC
8.A.176.1.4	592	NP_415348.1	411	3.34e-86	201	587	16	403	94.4	TC
3.A.1.5.11	623	NP_415350.2	623	0.0	1	623	1	623	100.0	TC
3.A.1.5.11	512	NP_415351.1	512	0.0	1	512	1	512	100.0	TC
3.A.1.5.11	306	NP_415352.1	306	5.5399999999999995e-219	1	306	1	306	100.0	TC
3.A.1.5.11	303	NP_415353.1	303	2.24e-212	1	303	1	303	100.0	TC
9.B.34.1.9	806	NP_415354.1	782	5.69e-26	529	762	534	768	30.1	TC
9.B.34.1.1	349	NP_415355.1	442	8.44e-18	194	346	295	440	33.0	TC
9.B.105.1.3	193	NP_415362.1	198	1.77e-17	1	154	5	159	78.3	TC
2.A.1.2.19	410	NP_415363.1	410	1.07e-289	1	410	1	410	100.0	TC
2.A.1.60.2	402	NP_415366.1	402	1.89e-279	1	402	1	402	100.0	TC
2.A.81.1.4	561	NP_415368.1	561	0.0	1	561	1	561	100.0	TC
3.A.1.11.2	370	NP_415375.1	370	3.3499999999999997e-275	1	370	1	370	100.0	TC
3.A.1.11.2	377	NP_415376.4	377	4.9700000000000005e-276	1	377	1	377	100.0	TC
3.A.1.11.2	317	NP_415377.1	317	4.81e-230	1	317	1	317	100.0	TC
3.A.1.11.2	281	NP_415378.1	281	2.19e-192	1	281	1	281	100.0	TC
3.A.1.3.3	243	NP_415381.1	243	4.83e-177	1	243	1	243	100.0	TC
3.A.1.3.3	222	NP_415382.1	222	7.84e-143	1	222	1	222	100.0	TC
3.A.1.3.3	238	NP_415383.1	238	6.030000000000001e-164	1	238	1	238	100.0	TC
3.A.1.3.3	243	NP_415384.1	243	5.64e-176	1	243	1	243	100.0	TC
3.A.1.3.3	242	NP_415385.1	242	4.12e-173	1	242	1	242	100.0	TC
2.A.124.1.1	299	NP_415395.2	299	3.12e-201	1	299	1	299	100.0	TC
1.A.8.3.1	231	NP_415396.1	231	4.11e-163	1	231	1	231	100.0	TC
3.A.1.122.1	371	NP_415399.4	371	1.0800000000000001e-251	1	371	1	371	100.0	TC
3.A.1.122.1	648	NP_415400.1	648	0.0	1	648	1	648	100.0	TC
3.A.9.1.2	952	NP_415403.1	758	3.66e-174	133	923	17	738	95.3	TC
3.A.1.129.1	573	NP_415406.1	573	0.0	1	573	1	573	100.0	TC
3.A.1.129.1	588	NP_415407.1	588	0.0	1	588	1	588	100.0	TC
3.A.12.1.2	1329	NP_415410.1	1329	0.0	1	1329	1	1329	100.0	TC
1.B.46.1.1	203	NP_415411.2	203	1.2e-148	1	203	1	203	100.0	TC
5.A.3.3.2	814	NP_415414.4	814	0.0	1	814	1	814	100.0	TC
5.A.3.3.2	205	NP_415415.1	205	4.9200000000000005e-167	1	205	1	205	100.0	TC
5.A.3.3.2	287	NP_415416.1	287	5.03e-201	1	287	1	287	100.0	TC
2.A.1.26.1	382	NP_415418.1	382	3.0699999999999997e-268	1	382	1	382	100.0	TC
2.A.3.7.2	476	NP_415419.2	476	0.0	1	476	1	476	100.0	TC
1.A.16.1.1	285	NP_415424.1	285	1.03e-208	1	285	1	285	100.0	TC
3.A.11.2.2	788	NP_415433.4	754	3.1099999999999997e-106	3	785	1	749	99.3	TC
3.A.1.106.1	582	NP_415434.1	582	0.0	1	582	1	582	100.0	TC
1.B.1.1.1	362	NP_415449.1	362	2.6199999999999997e-268	1	362	1	362	100.0	TC
3.A.1.17.10	255	NP_415453.1	255	4.9599999999999996e-176	1	255	1	255	100.0	TC
3.A.1.17.10	263	NP_415454.4	263	1.4200000000000002e-179	1	263	1	263	100.0	TC
3.A.1.17.10	319	NP_415456.4	319	2.56e-226	1	319	1	319	100.0	TC
1.B.11.3.9	878	NP_415460.1	866	4.9599999999999996e-279	32	878	27	866	97.0	TC
3.A.1.120.6	635	NP_415469.1	635	0.0	1	635	1	635	100.0	TC
9.A.69.1.1	417	NP_415470.1	417	5.900000000000001e-302	1	417	1	417	100.0	TC
9.A.69.1.1	546	NP_415471.1	546	0.0	1	546	1	546	100.0	TC
9.A.69.1.1	187	NP_415472.2	187	1.6e-136	1	187	1	187	100.0	TC
1.B.6.1.1	346	NP_415477.1	346	2.66e-253	1	346	1	346	100.0	TC
2.A.85.1.1	717	NP_415480.2	717	0.0	1	717	1	717	100.0	TC
9.B.55.1.1	148	NP_415481.1	148	2e-102	1	148	1	148	100.0	TC
1.A.14.2.1	219	NP_415490.1	219	1.31e-144	1	219	1	219	100.0	TC
3.D.7.2.3	372	NP_415491.1	372	4.32e-263	1	372	1	372	100.0	TC
3.D.7.2.3	600	NP_415492.1	597	0.000000000000000000000000000000	1	600	1	597	100.0	TC
3.D.7.2.3	247	NP_415493.1	235	7.49e-87	24	244	1	222	94.5	TC
3.D.7.2.3	198	NP_415494.1	195	1.36e-119	1	188	1	188	96.4	TC
3.D.7.2.3	134	NP_415495.1	132	7.61e-68	1	125	1	125	94.7	TC
3.D.7.2.3	353	NP_415496.1	285	4.759999999999999e-42	11	284	7	281	96.5	TC
3.D.4.3.2	522	NP_415497.1	514	2.4000000000000002e-231	1	506	1	506	98.4	TC
3.D.4.3.5	378	NP_415498.1	378	3.9499999999999996e-278	1	378	1	378	100.0	TC
8.A.3.3.1	726	NP_415501.1	726	0.0	1	726	1	726	100.0	TC
1.B.18.3.8	379	NP_415503.1	379	1.74e-277	1	379	1	379	100.0	TC
1.B.14.16.11	698	NP_415504.1	698	0.0	1	698	1	698	100.0	TC
9.B.238.3.1	568	NP_415513.2	914	1.0200000000000001e-35	175	568	423	802	41.6	TC
5.A.3.4.1	390	NP_415516.1	390	4.0500000000000003e-293	1	390	1	390	100.0	TC
5.A.3.4.1	848	NP_415517.1	848	0.0	1	848	1	848	100.0	TC
5.A.3.4.1	199	NP_415518.1	199	1.35e-143	1	199	1	199	100.0	TC
8.A.192.1.5	335	NP_415520.1	306	4.3599999999999997e-41	6	328	2	301	98.0	TC
2.A.40.1.3	442	NP_415526.4	442	3.72e-304	1	442	1	442	100.0	TC
2.A.21.2.1	502	NP_415535.1	502	0.0	1	502	1	502	100.0	TC
2.A.108.2.3	375	NP_415537.1	375	8.45e-267	1	375	1	375	100.0	TC
2.A.108.2.3	423	NP_415538.1	423	0.000000000000000000000000000000	1	423	1	423	100.0	TC
3.A.23.6.1	314	NP_415539.1	354	3.38e-51	106	309	148	353	58.2	TC
1.B.55.1.1	807	NP_415543.1	807	0.0	1	807	1	807	100.0	TC
9.B.34.1.3	396	NP_415544.1	452	3.57e-25	236	393	285	440	34.5	TC
1.B.48.1.1	277	NP_415555.1	277	8.679999999999999e-197	1	277	1	277	100.0	TC
1.B.48.1.1	138	NP_415556.1	138	4e-95	1	138	1	138	100.0	TC
1.B.48.1.1	129	NP_415557.1	129	4.81e-94	1	129	1	129	100.0	TC
9.B.97.7.1	385	NP_415565.1	385	9.43e-285	1	385	1	385	100.0	TC
2.A.1.2.20	408	NP_415571.1	408	7.23e-287	1	408	1	408	100.0	TC
2.A.1.2.21	402	NP_415583.4	402	6.710000000000001e-289	1	402	1	402	100.0	TC
2.A.66.4.3	511	NP_415587.1	511	0.0	1	511	1	511	100.0	TC
1.A.115.1.5	250	NP_415611.1	244	2.2500000000000002e-26	5	250	3	244	99.2	TC
3.D.1.6.3	126	NP_415612.1	78	1.9e-16	48	122	2	76	96.2	TC
3.A.16.1.5	261	NP_415618.1	265	1.08e-77	2	254	3	254	95.1	TC
4.A.1.1.1	477	NP_415619.1	477	0.0	1	477	1	477	100.0	TC
1.B.14.1.1	729	NP_415620.1	729	0.0	1	729	1	729	100.0	TC
3.A.11.1.5	676	NP_415632.1	1148	1.1799999999999998e-69	231	626	576	967	34.1	TC
3.A.1.125.1	399	NP_415634.1	399	1.3999999999999998e-268	1	399	1	399	100.0	TC
3.A.1.125.1	233	NP_415635.4	233	1.43e-164	1	233	1	233	100.0	TC
3.A.1.125.1	414	NP_415636.1	414	9.66e-295	1	414	1	414	100.0	TC
9.B.122.1.1	153	NP_415640.2	153	5.06e-112	1	153	1	153	100.0	TC
3.A.1.11.1	348	NP_415641.1	348	7.73e-263	1	348	1	348	100.0	TC
3.A.1.11.1	264	NP_415642.1	264	2.54e-178	1	264	1	264	100.0	TC
3.A.1.11.1	275	NP_415643.3	275	2.1e-187	1	275	1	275	100.0	TC
3.A.1.11.1	378	NP_415644.1	378	1.4800000000000001e-273	1	378	1	378	100.0	TC
9.B.34.1.5	906	NP_415686.2	507	7.979999999999999e-41	646	901	239	494	50.5	TC
1.C.10.1.1	303	NP_415700.4	303	5.27e-211	1	303	1	303	100.0	TC
5.A.2.1.1	176	NP_415703.3	176	8.72e-131	1	176	1	176	100.0	TC
2.A.34.1.1	513	NP_415704.1	513	0.0	1	513	1	513	100.0	TC
2.A.36.6.11	578	NP_415709.2	578	0.0	1	578	1	578	100.0	TC
1.E.43.1.1	82	NP_415713.1	84	1.69e-32	1	81	1	82	97.6	TC
4.A.2.1.17	956	NP_415716.4	472	3.58e-23	284	613	157	462	64.8	TC
1.B.12.2.6	955	NP_415720.1	955	0.0	1	955	1	955	100.0	TC
2.A.53.3.11	559	NP_415724.2	559	0.0	1	559	1	559	100.0	TC
1.B.46.1.1	207	NP_415727.1	207	9.14e-155	1	207	1	207	100.0	TC
2.A.19.1.1	366	NP_415734.1	366	7.470000000000001e-245	1	366	1	366	100.0	TC
1.B.54.1.9	464	NP_415738.2	464	0.0	1	464	1	464	100.0	TC
2.A.1.8.1	463	NP_415741.1	463	0.0	1	463	1	463	100.0	TC
5.A.3.1.1	1247	NP_415742.1	1247	0.0	1	1247	1	1247	100.0	TC
5.A.3.1.1	512	NP_415743.1	512	0.0	1	512	1	512	100.0	TC
5.A.3.1.1	225	NP_415745.1	225	1.82e-163	1	225	1	225	100.0	TC
2.A.95.1.7	215	NP_415758.1	215	4.11e-146	1	215	1	215	100.0	TC
3.A.1.5.41	543	NP_415759.1	543	0.0	1	543	1	543	100.0	TC
3.A.1.5.41	306	NP_415760.1	306	5e-206	1	306	1	306	100.0	TC
3.A.1.5.41	302	NP_415761.1	302	6.65e-193	1	302	1	302	100.0	TC
3.A.1.5.41	334	NP_415763.1	334	1.52e-246	1	334	1	334	100.0	TC
1.A.1.13.1	417	NP_415766.1	417	1.86e-289	1	417	1	417	100.0	TC
2.C.1.1.1	239	NP_415768.1	239	3.2200000000000004e-132	1	239	1	239	100.0	TC
9.B.357.1.1	179	NP_415770.1	179	4.97e-118	1	179	1	179	100.0	TC
1.B.39.1.6	212	NP_415772.1	212	5.7e-156	1	212	1	212	100.0	TC
3.A.7.7.1	700	NP_415790.1	865	1.05e-26	101	688	102	674	66.2	TC
9.B.34.1.8	878	NP_415801.1	661	2.8599999999999997e-91	307	870	102	651	83.2	TC
3.A.1.5.42	268	NP_415806.1	268	7.7e-191	1	268	1	268	100.0	TC
3.A.1.5.42	330	NP_415807.1	330	2.7400000000000002e-247	1	330	1	330	100.0	TC
3.A.1.5.42	296	NP_415808.1	296	1.25e-210	1	296	1	296	100.0	TC
3.A.1.5.42	321	NP_415809.1	321	1.38e-231	1	321	1	321	100.0	TC
3.A.1.5.42	547	NP_415810.1	547	0.0	1	547	1	547	100.0	TC
2.A.3.1.13	461	NP_415812.4	461	0.0	1	461	1	461	100.0	TC
3.A.23.1.1	530	NP_415819.4	325	1.53e-49	193	418	8	234	69.8	TC
9.B.100.1.1	222	NP_415820.1	222	2.73e-127	1	222	1	222	100.0	TC
3.A.1.1.46	430	NP_415826.1	430	0.000000000000000000000000000000	1	430	1	430	100.0	TC
3.A.1.1.46	293	NP_415827.1	293	3.17e-207	1	293	1	293	100.0	TC
3.A.1.1.46	280	NP_415828.1	280	1.74e-193	1	280	1	280	100.0	TC
1.B.21.1.1	301	NP_415835.1	301	2.9199999999999997e-241	1	301	1	301	100.0	TC
3.A.23.1.1	530	NP_415839.1	513	3.39e-45	193	521	206	500	57.5	TC
4.C.3.1.4	325	NP_415843.2	306	1.95e-20	34	140	34	140	35.0	TC
3.A.1.5.1	537	NP_415845.2	537	0.0	1	537	1	537	100.0	TC
1.A.23.4.3	343	NP_415846.1	343	1.0299999999999999e-244	1	343	1	343	100.0	TC
2.A.68.1.1	508	NP_415852.2	508	0.0	1	508	1	508	100.0	TC
9.B.34.1.3	396	NP_415857.2	410	5.11e-27	227	393	247	407	39.3	TC
1.A.35.4.1	327	NP_415858.1	327	1.42e-227	1	327	1	327	100.0	TC
3.A.18.1.1	411	NP_415859.1	457	2.02e-65	57	380	22	344	70.7	TC
2.A.38.1.6	485	NP_415881.1	485	0.0	1	485	1	485	100.0	TC
1.B.1.1.21	377	NP_415895.1	377	4.63e-281	1	377	1	377	100.0	TC
9.B.121.4.1	879	NP_415899.1	879	0.0	1	879	1	879	100.0	TC
4.F.1.3.3	201	NP_415926.4	201	9.04e-134	1	200	1	200	99.5	TC
9.B.273.1.1	385	NP_415927.1	298	1.98e-26	210	373	121	288	56.4	TC
2.A.16.1.1	330	NP_415946.1	330	9.05e-237	1	330	1	330	100.0	TC
2.A.46.1.9	391	NP_415950.4	391	1.7e-265	1	391	1	391	100.0	TC
3.A.1.11.9	381	NP_415957.1	381	3.6000000000000003e-296	1	381	1	381	100.0	TC
3.A.1.11.9	337	NP_415958.1	337	1.07e-243	1	337	1	337	100.0	TC
3.A.1.11.9	313	NP_415959.1	313	6.2600000000000005e-224	1	313	1	313	100.0	TC
3.A.1.11.9	264	NP_415960.1	264	1.2200000000000001e-185	1	264	1	264	100.0	TC
1.C.130.1.1	57	NP_415962.2	57	1.19e-34	1	57	1	57	100.0	TC
2.A.7.21.2	149	NP_415964.1	149	2.83e-98	1	149	1	149	100.0	TC
1.B.14.9.5	700	NP_415968.1	700	0.0	1	700	1	700	100.0	TC
2.A.3.1.24	499	NP_415970.4	499	0.0	1	499	1	499	100.0	TC
5.A.3.1.2	226	NP_415982.1	226	1.19e-164	1	226	1	226	100.0	TC
5.A.3.1.2	514	NP_415984.1	514	0.0	1	514	1	514	100.0	TC
5.A.3.1.2	1246	NP_415985.1	1246	0.0	1	1246	1	1246	100.0	TC
2.A.1.8.10	462	NP_415986.1	462	0.0	1	462	1	462	100.0	TC
2.A.7.17.2	293	NP_415990.5	293	2.5300000000000003e-213	1	293	1	293	100.0	TC
5.A.3.2.1	1015	NP_415991.1	1015	0.0	1	1015	1	1015	100.0	TC
5.A.3.2.1	294	NP_415992.1	294	3.2499999999999997e-230	1	294	1	294	100.0	TC
5.A.3.2.1	217	NP_415993.1	217	1.24e-157	1	217	1	217	100.0	TC
3.A.1.5.38	308	NP_416000.1	308	2.1e-224	1	308	1	308	100.0	TC
3.A.1.5.38	328	NP_416001.1	328	1.77e-242	1	328	1	328	100.0	TC
3.A.1.5.38	298	NP_416002.1	298	3.28e-207	1	298	1	298	100.0	TC
3.A.1.5.38	340	NP_416003.1	340	1.79e-248	1	340	1	340	100.0	TC
3.A.1.5.38	516	NP_416004.1	516	0.0	1	516	1	516	100.0	TC
9.B.34.1.5	906	NP_416006.4	799	6.67e-73	472	904	366	792	53.4	TC
9.B.34.1.3	396	NP_416007.3	460	1.54e-25	235	393	297	453	34.1	TC
2.A.3.7.3	511	NP_416009.1	511	0.0	1	511	1	511	100.0	TC
1.B.14.19.1	790	NP_416012.1	790	0.0	1	790	1	790	100.0	TC
3.A.1.203.11	561	NP_416013.1	561	0.0	1	561	1	561	100.0	TC
3.D.1.9.2	715	NP_416018.1	759	4.46e-38	61	345	108	415	40.6	TC
3.A.1.2.8	511	NP_416030.1	511	0.0	1	511	1	511	100.0	TC
3.A.1.2.8	342	NP_416031.1	342	3.13e-234	1	342	1	342	100.0	TC
3.A.1.2.8	330	NP_416032.1	330	5.75e-224	1	330	1	330	100.0	TC
3.A.1.2.8	340	NP_416033.1	340	2.43e-246	1	340	1	340	100.0	TC
1.A.46.2.6	321	NP_416037.2	304	1.21e-216	18	321	1	304	100.0	TC
9.B.34.1.4	564	NP_416039.1	315	7.64e-21	390	557	138	304	53.0	TC
2.A.1.2.15	396	NP_416045.1	396	3.55e-265	1	396	1	396	100.0	TC
2.A.95.1.1	221	NP_416046.1	221	5.57e-147	1	221	1	221	100.0	TC
2.A.7.3.2	299	NP_416050.4	299	1.02e-206	1	299	1	299	100.0	TC
2.A.1.2.55	395	NP_416051.1	395	7.07e-276	1	395	1	395	100.0	TC
9.B.34.1.1	349	NP_416052.1	296	2.3400000000000003e-21	171	344	110	283	58.8	TC
1.E.1.1.2	71	NP_416074.4	71	5.71e-48	1	71	1	71	100.0	TC
1.E.53.1.1	50	NP_416080.1	51	1.2800000000000001e-22	1	50	1	50	98.0	TC
2.A.7.26.1	108	NP_416099.1	108	2.05e-76	1	108	1	108	100.0	TC
5.A.3.3.1	808	NP_416104.1	808	0.0	1	808	1	808	100.0	TC
5.A.3.3.1	807	NP_416105.4	807	0.0	1	807	1	807	100.0	TC
5.A.3.3.1	205	NP_416106.1	205	4.05e-166	1	205	1	205	100.0	TC
5.A.3.3.1	284	NP_416107.1	284	2.15e-205	1	284	1	284	100.0	TC
2.A.49.5.3	418	NP_416109.2	418	9.94e-290	1	418	1	418	100.0	TC
2.A.1.36.1	417	NP_416113.1	417	7.069999999999999e-278	1	417	1	417	100.0	TC
2.A.7.1.9	109	NP_416116.1	109	4.83e-71	1	109	1	109	100.0	TC
2.A.7.1.9	121	NP_416117.1	121	1.31e-76	1	121	1	121	100.0	TC
2.A.86.1.4	344	NP_416118.1	344	1.45e-224	1	344	1	344	100.0	TC
3.D.2.1.1	462	NP_416119.1	462	0.0	1	462	1	462	100.0	TC
3.D.2.1.1	510	NP_416120.1	510	0.0	1	510	1	510	100.0	TC
2.A.3.2.8	460	NP_416122.1	460	0.0	1	460	1	460	100.0	TC
9.B.72.1.2	111	NP_416124.1	111	1.17e-72	1	111	1	111	100.0	TC
1.B.25.1.5	421	NP_416132.2	421	0.000000000000000000000000000000	1	421	1	421	100.0	TC
2.A.2.3.1	457	NP_416133.1	457	0.0	1	457	1	457	100.0	TC
1.A.115.1.5	250	NP_416136.1	255	2.97e-32	4	249	8	252	96.1	TC
4.A.1.1.3	530	NP_416138.1	530	0.0	1	530	1	530	100.0	TC
3.D.6.1.4	193	NP_416144.1	193	1.7000000000000001e-125	1	193	1	193	100.0	TC
3.D.6.1.4	192	NP_416145.1	192	5.1e-131	1	192	1	192	100.0	TC
3.D.6.1.4	740	NP_416146.1	740	0.0	1	584	1	584	78.9	TC
3.D.6.1.4	352	NP_416147.1	352	6.570000000000001e-257	1	352	1	352	100.0	TC
3.D.6.1.4	206	NP_416148.1	206	8.76e-148	1	206	1	206	100.0	TC
3.D.6.1.4	231	NP_416149.1	231	2.19e-158	1	231	1	231	100.0	TC
2.A.17.1.2	500	NP_416151.1	500	0.0	1	500	1	500	100.0	TC
8.A.48.1.1	78	NP_416160.1	78	7.35e-54	1	78	1	78	100.0	TC
2.A.85.1.6	670	NP_416162.1	670	0.0	1	670	1	670	100.0	TC
9.A.15.3.1	187	NP_416168.1	135	1.7099999999999998e-23	32	174	6	125	88.9	TC
3.A.7.14.2	334	NP_416172.1	271	4.67e-18	212	333	149	265	43.2	TC
2.A.1.2.65	389	NP_416174.1	389	3.8099999999999998e-261	1	389	1	389	100.0	TC
5.A.3.5.1	254	NP_416185.1	261	6.519999999999999e-89	11	243	21	261	92.3	TC
5.A.3.5.3	223	NP_416186.4	222	2.19e-72	1	213	1	210	94.6	TC
8.A.99.1.1	78	NP_416192.1	78	8.36e-33	1	78	1	78	100.0	TC
9.B.29.2.12	251	NP_416197.1	248	2.39e-104	1	243	1	241	97.2	TC
2.A.86.2.1	370	NP_416203.1	370	9.96e-252	1	370	1	370	100.0	TC
2.A.1.15.12	404	NP_416205.1	404	6.4399999999999994e-288	1	404	1	404	100.0	TC
2.A.1.15.13	421	NP_416206.6	421	3.37e-294	1	421	1	421	100.0	TC
3.D.12.1.1	365	NP_416213.1	312	3.1999999999999996e-30	31	350	7	306	96.2	TC
3.D.12.1.1	433	NP_416214.1	429	1.7599999999999998e-90	3	431	4	428	99.1	TC
3.D.12.1.1	96	NP_416215.1	97	2.2700000000000003e-22	7	96	9	97	91.8	TC
4.C.1.1.7	561	NP_416216.4	548	2.1199999999999998e-52	39	557	25	539	94.0	TC
4.A.6.1.29	530	NP_416217.1	792	3.96e-38	3	314	8	339	41.9	TC
3.A.1.13.1	249	NP_416224.1	249	8e-179	1	249	1	249	100.0	TC
3.A.1.13.1	326	NP_416226.1	326	2.66e-227	1	326	1	326	100.0	TC
1.B.75.1.3	252	NP_416236.1	252	1.97e-185	1	252	1	252	100.0	TC
2.A.23.1.8	463	NP_416243.1	463	0.000000000000000000000000000000	1	463	1	463	100.0	TC
4.A.3.2.1	116	NP_416250.1	116	1.45e-73	1	116	1	116	100.0	TC
4.A.3.2.1	452	NP_416251.1	452	0.000000000000000000000000000000	1	452	1	452	100.0	TC
4.A.3.2.1	106	NP_416252.1	106	5.51e-71	1	106	1	106	100.0	TC
9.B.313.1.2	916	NP_416262.1	406	1.94e-24	501	909	30	392	89.4	TC
9.B.27.1.1	236	NP_416264.4	236	5.7900000000000006e-161	1	236	1	236	100.0	TC
9.B.27.1.2	235	NP_416266.1	235	3.23e-162	1	235	1	235	100.0	TC
3.A.1.19.4	388	NP_416268.2	388	1.5099999999999998e-287	1	388	1	388	100.0	TC
3.A.1.19.4	496	NP_416269.4	511	0.0	1	496	16	511	97.1	TC
3.A.1.19.4	217	NP_416270.1	217	9.659999999999999e-146	1	217	1	217	100.0	TC
3.A.7.7.1	700	NP_416277.1	653	1.3e-72	4	601	3	617	94.2	TC
8.A.21.2.7	276	NP_416280.1	618	3.16e-24	39	220	362	542	29.3	TC
2.A.1.1.92	452	NP_416283.1	452	0.000000000000000000000000000000	1	452	1	452	100.0	TC
8.A.5.1.4	331	NP_416285.1	326	4.6799999999999995e-55	1	287	1	298	91.4	TC
2.A.1.1.115	459	NP_416289.1	459	0.0	1	459	1	459	100.0	TC
3.A.23.6.1	331	NP_416293.1	331	3.23e-108	4	331	3	331	99.4	TC
8.A.5.1.4	331	NP_416295.1	284	2.46e-25	11	218	12	214	71.5	TC
1.B.93.1.2	248	NP_416296.1	248	5.7e-192	1	248	1	248	100.0	TC
2.A.1.17.3	393	NP_416305.1	393	2.46e-275	1	393	1	393	100.0	TC
9.B.34.1.8	878	NP_416308.4	341	1.32e-22	420	603	148	326	52.5	TC
1.E.43.1.1	82	NP_416309.1	82	6.39e-50	1	82	1	82	100.0	TC
2.A.76.1.5	212	NP_416312.1	212	8.03e-147	1	212	1	212	100.0	TC
2.A.15.2.3	481	NP_416315.1	481	0.0	1	481	1	481	100.0	TC
4.C.1.1.4	561	NP_416319.1	561	0.0	1	561	1	561	100.0	TC
9.B.34.1.8	878	NP_416329.4	532	6.0000000000000005e-31	619	869	262	507	46.2	TC
2.A.109.2.3	896	NP_416330.1	518	4.35e-142	370	884	1	508	98.1	TC
4.A.6.1.1	323	NP_416331.1	323	1.7300000000000003e-226	1	323	1	323	100.0	TC
4.A.6.1.1	266	NP_416332.1	266	9.48e-175	1	266	1	266	100.0	TC
4.A.6.1.1	286	NP_416333.4	283	8.67e-203	4	286	1	283	100.0	TC
2.A.107.1.1	188	NP_416335.4	188	7.6e-131	1	188	1	188	100.0	TC
2.A.1.3.17	457	NP_416342.4	457	0.000000000000000000000000000000	1	457	1	457	100.0	TC
9.B.1.1.6	293	NP_416343.1	293	1.96e-201	1	293	1	293	100.0	TC
9.B.174.1.2	682	NP_416344.1	682	0.0	1	682	1	682	100.0	TC
9.A.69.1.2	427	NP_416347.1	427	0.000000000000000000000000000000	1	427	1	427	100.0	TC
9.A.69.1.2	877	NP_416348.2	877	0.0	1	877	1	877	100.0	TC
9.B.62.1.4	290	NP_416354.1	290	3.06e-208	1	290	1	290	100.0	TC
3.A.1.15.5	310	NP_416371.4	310	2.02e-223	1	310	1	310	100.0	TC
3.A.1.15.5	251	NP_416372.1	251	5.02e-183	1	251	1	251	100.0	TC
3.A.1.15.5	261	NP_416373.1	261	4.36e-173	1	261	1	261	100.0	TC
3.A.11.1.5	192	NP_416375.1	203	6e-26	1	176	1	184	90.6	TC
5.A.3.4.2	809	NP_416386.4	809	0.0	1	809	1	809	100.0	TC
5.A.3.4.2	366	NP_416387.1	366	1.25e-268	1	366	1	366	100.0	TC
1.A.104.1.1	692	NP_416393.1	692	0.0	1	692	1	692	100.0	TC
3.A.6.2.1	383	NP_416394.1	382	2.6699999999999997e-244	1	381	1	380	99.5	TC
9.B.334.1.3	506	NP_416399.1	533	3.4500000000000004e-35	330	471	336	477	26.6	TC
9.B.334.1.3	506	NP_416400.1	553	7.029999999999999e-42	337	502	345	510	30.0	TC
1.A.30.1.1	308	NP_416403.1	308	2.53e-216	1	308	1	308	100.0	TC
1.A.30.1.1	295	NP_416404.1	295	3.8000000000000006e-200	1	295	1	295	100.0	TC
3.A.1.2.2	504	NP_416413.1	504	0.0	1	504	1	504	100.0	TC
3.A.1.2.2	329	NP_416414.1	329	1.76e-238	1	329	1	329	100.0	TC
2.A.42.1.1	403	NP_416420.1	403	3.69e-282	1	403	1	403	100.0	TC
4.F.1.1.8	186	NP_416422.1	182	4.74e-65	2	175	4	175	94.5	TC
3.A.1.3.10	250	NP_416427.1	250	5.59e-175	1	250	1	250	100.0	TC
3.A.1.3.10	222	NP_416428.1	222	1.61e-151	1	222	1	222	100.0	TC
3.A.1.3.10	266	NP_416430.1	266	4.4499999999999996e-189	1	266	1	266	100.0	TC
9.B.102.1.1	401	NP_416439.1	401	1.06e-305	1	401	1	401	100.0	TC
3.A.6.2.1	560	NP_416448.1	552	0.0	6	560	3	552	99.6	TC
3.A.6.2.1	235	NP_416450.2	228	7.350000000000001e-97	1	235	1	228	100.0	TC
3.A.6.2.1	456	NP_416451.1	457	6.96e-305	1	456	1	456	99.8	TC
8.A.153.1.1	375	NP_416453.1	375	5.709999999999999e-249	1	375	1	375	100.0	TC
3.A.6.2.1	137	NP_416456.1	137	2.9199999999999998e-83	1	137	1	137	100.0	TC
3.A.6.2.1	125	NP_416457.4	121	2.2099999999999998e-46	2	125	1	121	100.0	TC
3.A.6.2.1	245	NP_416458.1	245	6.25e-149	1	245	1	245	100.0	TC
3.A.6.2.1	89	NP_416459.1	89	6.34e-51	1	89	1	89	100.0	TC
3.A.6.2.1	264	NP_416460.1	261	5.650000000000001e-156	1	260	1	260	99.6	TC
9.B.34.1.4	564	NP_416465.2	564	0.0	1	564	1	564	100.0	TC
2.A.7.3.22	306	NP_416468.1	306	8.659999999999999e-207	1	306	1	306	100.0	TC
9.B.35.1.2	141	NP_416479.1	137	4.21e-21	25	141	23	137	83.9	TC
5.B.7.1.1	211	NP_416481.1	211	5.4499999999999995e-149	1	211	1	211	100.0	TC
3.A.1.15.3	501	NP_416482.1	216	3.4e-59	327	501	42	216	81.0	TC
1.B.54.1.10	2358	NP_416485.4	2358	0.0	1	2358	1	2358	100.0	TC
2.A.1.6.6	438	NP_416488.1	438	0.000000000000000000000000000000	1	438	1	438	100.0	TC
2.A.66.1.23	495	NP_416491.2	495	0.0	1	495	1	495	100.0	TC
2.A.85.7.1	352	NP_416512.1	352	1.3199999999999999e-256	1	352	1	352	100.0	TC
9.B.102.1.12	486	NP_416516.1	75	3.58e-25	417	485	6	74	92.0	TC
9.B.102.1.2	352	NP_416517.1	352	1.04e-253	1	352	1	352	100.0	TC
2.A.3.1.14	452	NP_416518.2	452	0.0	1	452	1	452	100.0	TC
2.A.66.2.1	415	NP_416541.1	415	1.33e-281	1	415	1	415	100.0	TC
9.B.18.2.4	355	NP_416545.1	361	1.74e-193	3	347	2	350	96.7	TC
2.A.66.2.7	492	NP_416550.1	492	0.0	1	492	1	492	100.0	TC
9.B.18.1.1	484	NP_416551.1	464	1.44e-90	61	484	51	464	89.2	TC
8.A.3.3.2	720	NP_416564.4	720	0.0	1	720	1	720	100.0	TC
1.B.18.3.1	379	NP_416566.1	379	1.0499999999999999e-278	1	379	1	379	100.0	TC
2.A.109.2.3	896	NP_416567.4	527	0.0	370	896	1	527	100.0	TC
9.B.121.5.1	617	NP_416568.1	617	0.0	1	617	1	617	100.0	TC
9.B.34.1.8	878	NP_416571.1	1105	5.82e-35	247	867	477	1094	55.9	TC
8.A.1.6.2	415	NP_416578.2	415	2.21e-280	1	415	1	415	100.0	TC
2.A.6.2.12	1040	NP_416579.1	1040	0.0	1	1040	1	1040	100.0	TC
2.A.6.2.12	1025	NP_416580.1	1025	0.0	1	1025	1	1025	100.0	TC
2.A.1.3.26	471	NP_416581.1	471	0.0	1	471	1	471	100.0	TC
4.A.5.1.1	94	NP_416596.1	94	5.010000000000001e-66	1	94	1	94	100.0	TC
4.A.5.1.1	150	NP_416597.1	150	1.03e-105	1	150	1	150	100.0	TC
2.A.1.10.3	425	NP_416601.1	425	0.000000000000000000000000000000	1	425	1	425	100.0	TC
2.A.113.1.1	274	NP_416609.1	274	3.69e-176	1	274	1	274	100.0	TC
2.A.113.1.1	112	NP_416610.4	112	1.04e-80	1	112	1	112	100.0	TC
1.B.11.3.11	826	NP_416612.1	826	0.0	1	826	1	826	100.0	TC
3.A.1.132.3	339	NP_416616.4	369	5.89e-68	2	329	12	350	91.9	TC
9.B.33.1.7	587	NP_416630.1	561	8e-100	7	576	9	556	97.7	TC
3.A.1.12.15	243	NP_416632.1	243	1.35e-158	1	243	1	243	100.0	TC
3.A.1.12.15	308	NP_416633.1	308	9.589999999999999e-221	1	308	1	308	100.0	TC
3.A.1.12.15	385	NP_416634.1	385	1.4499999999999998e-263	1	385	1	385	100.0	TC
3.A.1.12.15	305	NP_416635.1	305	2.72e-214	1	305	1	305	100.0	TC
9.B.29.3.1	203	NP_416639.2	195	3.7899999999999996e-46	8	189	7	188	93.3	TC
9.B.27.2.7	192	NP_416640.2	192	1.87e-142	1	192	1	192	100.0	TC
1.E.14.1.4	135	NP_416646.1	132	4.87e-87	4	135	1	132	100.0	TC
2.A.122.1.1	231	NP_416647.1	231	3.89e-152	1	231	1	231	100.0	TC
9.B.114.1.1	239	NP_416649.1	239	6.319999999999999e-171	1	239	1	239	100.0	TC
3.A.1.2.3	336	NP_416653.1	336	5.76e-227	1	336	1	336	100.0	TC
3.A.1.2.3	506	NP_416654.1	506	0.0	1	506	1	506	100.0	TC
3.A.1.2.3	332	NP_416655.1	332	9.06e-238	1	332	1	332	100.0	TC
9.B.169.1.2	385	NP_416657.1	385	9.43e-285	1	385	1	385	100.0	TC
1.B.14.1.4	663	NP_416660.1	663	0.0	1	663	1	663	100.0	TC
2.A.3.1.2	489	NP_416661.1	489	0.0	1	489	1	489	100.0	TC
2.A.98.1.3	349	NP_416663.1	349	2.91e-238	1	349	1	349	100.0	TC
2.A.41.2.10	416	NP_416666.1	416	4.21e-274	1	416	1	416	100.0	TC
2.A.41.2.9	416	NP_416669.1	416	5.4699999999999994e-270	1	416	1	416	100.0	TC
4.A.2.1.1	563	NP_416672.1	563	0.0	1	563	1	563	100.0	TC
4.A.2.1.1	376	NP_416674.1	376	9.36e-260	1	376	1	376	100.0	TC
2.A.1.20.2	393	NP_416675.1	393	4.64e-280	1	393	1	393	100.0	TC
9.B.34.1.5	906	NP_416681.1	518	1.47e-42	653	905	261	512	48.6	TC
3.A.1.5.21	604	NP_416682.4	604	0.0	1	604	1	604	100.0	TC
3.A.1.5.21	364	NP_416683.1	364	1.28e-260	1	364	1	364	100.0	TC
3.A.1.5.21	341	NP_416684.1	341	3.24e-256	1	341	1	341	100.0	TC
3.A.1.5.21	529	NP_416685.1	529	0.0	1	529	1	529	100.0	TC
2.A.1.2.7	396	NP_416687.1	396	1.3200000000000001e-276	1	396	1	396	100.0	TC
2.A.127.1.2	586	NP_416693.1	586	0.0	1	586	1	586	100.0	TC
9.B.14.1.3	647	NP_416700.1	647	0.0	1	647	1	647	100.0	TC
3.A.1.107.3	69	NP_416702.1	69	6.0999999999999995e-40	1	69	1	69	100.0	TC
9.B.14.2.3	245	NP_416703.1	245	6.37e-183	1	245	1	245	100.0	TC
3.A.1.107.3	220	NP_416704.1	220	1.76e-122	1	220	1	220	100.0	TC
3.A.1.107.3	207	NP_416705.2	207	4.88e-150	1	206	1	206	99.5	TC
3.D.11.1.1	200	NP_416706.1	200	3.21e-156	1	200	1	200	100.0	TC
3.D.11.1.1	149	NP_416707.4	149	9.17e-113	1	149	1	149	100.0	TC
3.D.11.1.1	287	NP_416708.1	287	2.0099999999999997e-216	1	287	1	287	100.0	TC
3.D.11.1.1	231	NP_416709.1	231	3.41e-171	1	231	1	231	100.0	TC
3.D.11.1.1	828	NP_416710.1	828	0.0	1	828	1	828	100.0	TC
3.D.11.1.1	87	NP_416711.1	87	1.2400000000000001e-56	1	87	1	87	100.0	TC
3.D.11.1.1	164	NP_416712.1	164	3.35e-129	1	164	1	164	100.0	TC
3.A.1.113.3	547	NP_416715.1	547	0.0	1	547	1	547	100.0	TC
1.B.1.1.3	367	NP_416719.1	367	1.87e-275	1	367	1	367	100.0	TC
2.A.21.9.1	983	NP_416723.1	608	1.4900000000000002e-32	565	977	212	602	64.3	TC
3.A.23.1.1	530	NP_416724.1	461	1.6e-68	116	521	74	450	81.8	TC
2.A.73.1.1	440	NP_416727.1	440	0.000000000000000000000000000000	1	440	1	440	100.0	TC
1.B.12.1.5	1250	NP_416736.1	1250	0.0	1	1250	1	1250	100.0	TC
2.A.1.4.3	452	NP_416743.1	452	0.0	1	452	1	452	100.0	TC
2.A.1.14.35	429	NP_416749.4	429	3.55e-300	1	429	1	429	100.0	TC
1.B.68.1.1	187	NP_416753.4	180	2.0699999999999998e-128	8	187	1	180	100.0	TC
2.A.7.22.1	128	NP_416761.4	128	2.3e-87	1	128	1	128	100.0	TC
1.A.13.2.3	575	NP_416773.1	575	0.0	1	575	1	575	100.0	TC
3.D.1.1.1	485	NP_416779.2	485	0.0	1	485	1	485	100.0	TC
3.D.1.1.1	509	NP_416780.1	509	0.0	1	509	1	509	100.0	TC
3.D.1.1.1	613	NP_416781.1	613	0.0	1	613	1	613	100.0	TC
3.D.1.1.1	100	NP_416782.1	100	1.7e-60	1	100	1	100	100.0	TC
3.D.1.1.1	184	NP_416783.1	184	2.1699999999999998e-119	1	184	1	184	100.0	TC
3.D.1.1.1	180	NP_416784.1	180	7.090000000000001e-123	1	180	1	180	100.0	TC
3.D.1.1.1	325	NP_416785.1	325	1.19e-234	1	325	1	325	100.0	TC
3.D.1.1.1	908	NP_416786.4	908	0.0	1	908	1	908	100.0	TC
3.D.1.1.1	445	NP_416787.1	445	0.0	1	445	1	445	100.0	TC
3.D.1.1.1	166	NP_416788.1	166	3.47e-123	1	166	1	166	100.0	TC
3.D.1.1.1	596	NP_416789.2	596	0.0	1	596	1	596	100.0	TC
3.D.1.1.1	220	NP_416790.1	220	1.5100000000000002e-164	1	220	1	220	100.0	TC
3.D.1.1.1	147	NP_416791.3	147	2.17e-101	1	147	1	147	100.0	TC
2.A.47.4.8	610	NP_416795.1	610	0.0	1	610	1	610	100.0	TC
9.B.429.1.1	140	NP_416798.1	151	3.8000000000000004e-31	3	138	10	148	92.1	TC
2.A.118.1.8	506	NP_416801.2	506	0.0	1	506	1	506	100.0	TC
1.A.12.3.2	214	NP_416804.1	214	8.080000000000001e-157	1	214	1	214	100.0	TC
3.A.1.3.29	257	NP_416809.1	257	3.25e-182	1	257	1	257	100.0	TC
3.A.1.3.29	238	NP_416810.1	238	1.38e-169	1	238	1	238	100.0	TC
3.A.1.3.29	228	NP_416811.1	228	2.8800000000000003e-157	1	228	1	228	100.0	TC
3.A.1.3.29	260	NP_416812.1	260	6.33e-186	1	260	1	260	100.0	TC
3.A.1.3.1	260	NP_416813.1	260	1.74e-183	1	260	1	260	100.0	TC
9.B.160.1.16	162	NP_416816.1	162	1.94e-109	1	162	1	162	100.0	TC
9.B.27.2.3	219	NP_416820.1	219	4.27e-150	1	219	1	219	100.0	TC
2.A.1.46.6	392	NP_416825.1	392	4.4000000000000004e-273	1	392	1	392	100.0	TC
2.A.102.3.1	269	NP_416830.1	269	2.1000000000000001e-184	1	269	1	269	100.0	TC
1.C.80.1.3	187	NP_416841.1	187	1.12e-127	1	187	1	187	100.0	TC
1.B.9.1.1	446	NP_416846.2	446	0.0	1	446	1	446	100.0	TC
3.A.1.27.3	251	NP_416848.1	251	2.41e-190	1	251	1	251	100.0	TC
1.A.16.4.1	310	NP_416849.1	310	3.59e-217	1	310	1	310	100.0	TC
2.A.129.1.1	120	NP_416851.1	120	1.9500000000000002e-73	1	120	1	120	100.0	TC
2.A.8.1.5	445	NP_416866.1	445	3.7e-301	1	445	1	445	100.0	TC
2.A.1.3.36	512	NP_416868.1	512	0.0	1	512	1	512	100.0	TC
2.A.1.3.36	387	NP_416869.1	387	1.4800000000000001e-273	1	387	1	387	100.0	TC
9.B.238.3.1	568	NP_416871.1	1197	2.76e-51	160	566	679	1076	33.2	TC
2.A.69.3.5	314	NP_416873.1	314	4.0199999999999994e-216	1	314	1	314	100.0	TC
9.B.33.1.1	589	NP_416881.1	565	2.69e-90	3	576	6	553	97.0	TC
4.A.2.1.11	831	NP_416884.1	831	0.0	1	831	1	831	100.0	TC
4.A.2.1.11	415	NP_416887.1	415	1.66e-291	1	415	1	415	100.0	TC
4.A.2.1.11	108	NP_416888.1	108	1.7599999999999998e-68	1	108	1	108	100.0	TC
2.A.49.7.1	418	NP_416890.1	418	1.7999999999999999e-292	1	418	1	418	100.0	TC
2.A.55.3.1	412	NP_416893.1	412	9.05e-283	1	412	1	412	100.0	TC
2.A.41.1.1	400	NP_416894.1	400	5.9e-266	1	400	1	400	100.0	TC
2.A.1.10.2	418	NP_416901.1	418	3.03e-300	1	418	1	418	100.0	TC
1.B.10.3.1	254	NP_416903.1	254	6.179999999999999e-199	1	254	1	254	100.0	TC
2.A.28.3.4	332	NP_416905.1	332	3.53e-235	1	332	1	332	100.0	TC
2.A.121.1.1	253	NP_416908.1	253	9.81e-191	1	253	1	253	100.0	TC
8.A.8.1.1	85	NP_416910.1	85	3.48e-53	1	85	1	85	100.0	TC
8.A.7.1.1	575	NP_416911.1	575	0.0	1	575	1	575	100.0	TC
4.A.1.1.1	169	NP_416912.1	169	6.42e-116	1	169	1	169	100.0	TC
3.A.1.6.1	365	NP_416917.1	365	9.5e-268	1	365	1	365	100.0	TC
3.A.1.6.1	277	NP_416919.1	277	2.2900000000000002e-192	1	277	1	277	100.0	TC
3.A.1.6.1	338	NP_416920.1	338	2.87e-253	1	338	1	338	100.0	TC
4.A.1.2.7	474	NP_416924.1	474	0.0	1	474	1	474	100.0	TC
9.B.127.1.1	149	NP_416928.4	149	2.96e-109	1	149	1	149	100.0	TC
1.S.1.1.2	97	NP_416933.4	166	3.22e-18	1	83	2	84	50.0	TC
1.S.2.1.1	219	NP_416934.1	219	7.38e-151	1	219	1	219	100.0	TC
9.A.28.1.1	408	NP_416947.1	408	3.3600000000000003e-276	1	408	1	408	100.0	TC
1.S.5.1.2	99	NP_416951.1	95	3.28e-61	5	99	1	95	100.0	TC
1.S.1.1.2	97	NP_416952.2	97	3.3499999999999995e-61	1	97	1	97	100.0	TC
9.B.75.2.1	233	NP_416955.1	233	1.49e-166	1	233	1	233	100.0	TC
1.S.2.3.1	116	NP_416957.4	111	5.63e-40	8	116	4	111	97.3	TC
3.D.1.9.2	203	NP_416963.1	659	3.6100000000000004e-35	1	180	1	158	24.0	TC
2.A.6.2.7	1037	NP_416965.1	1037	0.0	1	1037	1	1037	100.0	TC
1.B.33.1.3	344	NP_416972.4	344	4.339999999999999e-242	1	344	1	344	100.0	TC
3.D.1.9.1	205	NP_416976.4	205	4.72e-156	1	205	1	205	100.0	TC
3.D.1.9.1	672	NP_416977.1	672	0.0	1	672	1	672	100.0	TC
3.D.1.9.1	315	NP_416978.4	315	1.02e-214	1	315	1	315	100.0	TC
3.D.1.9.1	479	NP_416979.1	479	0.0	1	479	1	479	100.0	TC
3.D.1.9.1	216	NP_416980.1	216	2.1100000000000002e-144	1	216	1	216	100.0	TC
3.D.1.9.1	526	NP_416981.1	526	0.0	1	526	1	526	100.0	TC
3.D.1.9.1	555	NP_416982.1	555	0.0	1	555	1	555	100.0	TC
3.D.1.9.1	181	NP_416983.1	181	2.36e-117	1	181	1	181	100.0	TC
3.D.1.9.1	252	NP_416984.1	252	3.6999999999999997e-190	1	252	1	252	100.0	TC
3.A.23.1.1	530	NP_416986.4	670	1.9899999999999998e-62	168	418	322	572	37.5	TC
1.A.16.1.2	282	NP_416987.1	282	8.38e-202	1	282	1	282	100.0	TC
2.A.86.1.1	353	NP_416988.1	353	3.3199999999999997e-230	1	353	1	353	100.0	TC
8.A.150.1.2	246	NP_416989.1	487	6.49e-18	35	240	48	258	43.3	TC
2.A.40.1.1	429	NP_416992.1	429	2.01e-290	1	429	1	429	100.0	TC
9.B.34.1.8	878	NP_416998.1	747	7.44e-36	405	877	287	743	61.2	TC
9.B.209.1.1	63	NP_416999.1	63	9.52e-39	1	63	1	63	100.0	TC
1.B.33.1.3	392	NP_417007.1	392	1.1300000000000001e-259	1	392	1	392	100.0	TC
3.A.5.1.1	206	NP_417008.1	206	5.229999999999999e-140	1	206	1	206	100.0	TC
9.A.41.1.1	619	NP_417021.1	616	6.119999999999999e-287	1	616	1	616	100.0	TC
4.C.3.2.5	284	NP_417029.4	284	1.92e-208	1	284	1	284	100.0	TC
2.A.1.27.1	379	NP_417031.1	379	3.6e-270	1	379	1	379	100.0	TC
9.B.214.2.2	137	NP_417038.4	140	3.01e-49	1	137	4	140	97.9	TC
3.A.1.2.27	332	NP_417041.1	332	5.01e-203	1	332	1	332	100.0	TC
3.A.1.2.27	503	NP_417042.1	503	0.0	1	503	1	503	100.0	TC
3.A.1.2.27	327	NP_417043.1	327	2.11e-229	1	327	1	327	100.0	TC
3.A.23.1.1	530	NP_417049.1	444	4.53e-65	176	523	108	432	73.2	TC
9.B.391.1.3	324	NP_417063.1	324	7.82e-244	1	324	1	324	100.0	TC
3.D.10.1.4	566	NP_417069.1	540	4.1e-80	1	528	4	521	95.9	TC
3.A.18.1.1	411	NP_417071.1	444	1.53e-59	39	400	5	371	82.7	TC
2.A.76.1.4	195	NP_417073.1	195	4.8999999999999996e-135	1	195	1	195	100.0	TC
2.A.1.6.2	432	NP_417082.1	432	0.000000000000000000000000000000	1	432	1	432	100.0	TC
3.A.9.1.2	929	NP_417083.1	857	9.56e-241	106	907	12	856	98.6	TC
1.B.33.1.3	245	NP_417086.1	245	1.1799999999999999e-178	1	245	1	245	100.0	TC
1.B.6.1.21	160	NP_417096.1	160	1.09e-114	1	160	1	160	100.0	TC
3.A.5.1.1	453	NP_417101.1	453	0.000000000000000000000000000000	1	453	1	453	100.0	TC
9.B.14.3.6	263	NP_417102.4	263	1.09e-183	1	263	1	263	100.0	TC
1.B.33.1.3	113	NP_417107.2	113	1.2600000000000001e-77	1	113	1	113	100.0	TC
1.B.12.8.4	863	NP_417134.2	1526	1.64e-176	167	863	740	1526	51.6	TC
9.B.313.1.2	916	NP_417148.1	426	5.17e-19	506	856	37	352	74.2	TC
2.A.3.1.4	466	NP_417149.1	466	0.0	1	466	1	466	100.0	TC
9.B.12.2.1	52	NP_417152.1	52	3.4599999999999998e-34	1	52	1	52	100.0	TC
2.A.104.1.1	149	NP_417156.1	149	3.56e-92	1	149	1	149	100.0	TC
3.A.1.12.1	400	NP_417163.1	400	3.7099999999999995e-285	1	400	1	400	100.0	TC
3.A.1.12.1	354	NP_417164.1	354	2.07e-245	1	354	1	354	100.0	TC
3.A.1.12.1	330	NP_417165.1	330	3.47e-250	1	330	1	330	100.0	TC
2.A.78.1.3	245	NP_417167.1	245	4.09e-170	1	245	1	245	100.0	TC
2.A.78.1.3	111	NP_417168.1	111	2.88e-73	1	111	1	111	100.0	TC
8.A.1.1.1	390	NP_417170.1	390	5.02e-262	1	390	1	390	100.0	TC
2.A.1.3.2	512	NP_417171.1	512	0.0	1	512	1	512	100.0	TC
9.B.27.3.1	142	NP_417174.1	142	4.11e-99	1	142	1	142	100.0	TC
4.A.4.1.1	123	NP_417184.1	123	3.89e-88	1	123	1	123	100.0	TC
3.A.23.1.1	530	NP_417189.2	504	3.54e-57	193	452	187	451	52.6	TC
5.A.3.11.1	200	NP_417193.1	175	2.93e-18	5	160	5	151	84.0	TC
3.D.1.9.2	255	NP_417199.1	255	6.63e-190	1	255	1	255	100.0	TC
3.D.1.9.2	180	NP_417200.1	180	1.6700000000000001e-121	1	180	1	180	100.0	TC
3.D.1.9.2	569	NP_417201.1	569	0.0	1	569	1	569	100.0	TC
3.D.1.9.2	307	NP_417202.1	307	6.42e-214	1	307	1	307	100.0	TC
3.D.1.9.2	608	NP_417203.1	608	0.0	1	608	1	608	100.0	TC
3.D.1.9.2	203	NP_417204.1	203	1.92e-145	1	203	1	203	100.0	TC
3.D.7.2.5	113	NP_417206.1	116	8.41e-38	1	113	1	114	98.3	TC
3.D.7.2.5	82	NP_417208.1	90	5.0999999999999995e-24	1	75	1	74	82.2	TC
3.D.7.1.5	359	NP_417209.1	373	2.2700000000000002e-80	29	356	35	366	89.0	TC
3.A.23.1.1	530	NP_417211.1	692	2.27e-55	193	527	381	686	44.2	TC
2.A.8.1.7	454	NP_417220.1	454	1.1e-302	1	454	1	454	100.0	TC
8.A.24.2.4	1434	NP_417244.1	599	1.69e-53	761	1400	65	599	89.3	TC
3.D.12.1.1	433	NP_417246.4	423	3.39e-71	1	430	1	421	99.5	TC
3.D.12.1.1	96	NP_417247.2	86	3.06e-17	13	96	5	86	95.3	TC
2.A.1.1.95	445	NP_417251.2	445	0.000000000000000000000000000000	1	445	1	445	100.0	TC
2.A.1.52.2	425	NP_417255.1	425	4.02e-304	1	425	1	425	100.0	TC
9.B.238.3.7	1080	NP_417266.1	918	4.2799999999999995e-53	458	759	278	519	26.4	TC
2.A.1.14.40	450	NP_417269.1	450	0.0	1	450	1	450	100.0	TC
2.A.42.2.1	429	NP_417276.1	429	3.96e-297	1	429	1	429	100.0	TC
2.A.1.7.1	438	NP_417281.1	438	0.000000000000000000000000000000	1	438	1	438	100.0	TC
3.A.7.16.1	721	NP_417296.1	608	1.71e-38	219	701	41	590	90.5	TC
9.B.330.4.1	303	NP_417305.1	291	4.87e-60	30	300	6	288	97.3	TC
4.A.2.1.17	956	NP_417306.1	748	6.79e-93	402	956	170	736	75.8	TC
2.A.109.2.3	896	NP_417309.1	237	1.6599999999999997e-67	372	597	5	228	94.5	TC
8.A.5.1.5	346	NP_417311.1	346	1.37e-255	1	346	1	346	100.0	TC
2.A.1.42.1	397	NP_417312.1	397	2.03e-276	1	397	1	397	100.0	TC
4.C.1.1.16	719	NP_417313.1	719	0.0	1	719	1	719	100.0	TC
2.A.1.1.2	472	NP_417318.1	472	0.0	1	472	1	472	100.0	TC
2.A.42.2.5	409	NP_417322.1	409	4.33e-284	1	409	1	409	100.0	TC
3.A.23.1.1	530	NP_417345.1	592	2.04e-68	193	419	272	499	38.5	TC
8.A.228.1.2	475	NP_417349.4	461	1.12e-114	1	459	1	457	99.1	TC
2.A.40.4.3	466	NP_417358.2	466	0.0	1	466	1	466	100.0	TC
3.D.1.9.1	205	NP_417362.4	162	3.14e-18	1	86	1	90	55.6	TC
3.D.1.9.1	205	NP_417363.2	639	1.8200000000000002e-29	1	187	1	154	24.1	TC
2.A.40.3.3	482	NP_417364.2	482	0.0	1	482	1	482	100.0	TC
9.B.111.1.5	909	NP_417366.1	505	3.3399999999999996e-128	4	451	34	503	93.1	TC
1.C.113.1.10	219	NP_417375.1	219	1.81e-151	1	219	1	219	100.0	TC
1.A.115.1.5	250	NP_417378.1	247	2.76e-19	9	247	3	247	99.2	TC
2.A.75.1.2	211	NP_417398.1	211	1.45e-153	1	211	1	211	100.0	TC
1.A.23.2.1	286	NP_417399.1	286	2.27e-176	1	286	1	286	100.0	TC
3.A.23.6.1	331	NP_417402.1	339	6.13e-95	4	324	3	328	96.2	TC
4.A.2.1.24	462	NP_417408.1	462	0.0	1	462	1	462	100.0	TC
4.A.2.1.24	147	NP_417409.1	147	6.480000000000001e-103	1	147	1	147	100.0	TC
2.A.1.1.1	464	NP_417418.1	464	0.0	1	464	1	464	100.0	TC
3.A.15.2.1	344	NP_417425.2	326	4.52e-89	1	329	1	326	100.0	TC
9.A.4.1.2	188	NP_417427.1	188	5.520000000000001e-124	1	188	1	188	100.0	TC
2.A.1.10.1	418	NP_417439.4	418	2.1299999999999998e-300	1	418	1	418	100.0	TC
9.B.120.1.1	235	NP_417441.1	235	6.71e-155	1	235	1	235	100.0	TC
1.A.54.5.4	269	NP_417446.4	269	9.82e-199	1	269	1	269	100.0	TC
2.A.14.1.2	560	NP_417449.1	560	0.0	1	560	1	560	100.0	TC
9.B.331.1.1	252	NP_417458.1	252	1.74e-179	1	252	1	252	100.0	TC
9.B.331.1.2	237	NP_417459.1	237	2.91e-175	1	237	1	237	100.0	TC
9.B.331.1.3	230	NP_417460.1	230	1.0200000000000001e-167	1	230	1	230	100.0	TC
2.A.20.1.2	499	NP_417461.1	499	0.0	1	499	1	499	100.0	TC
3.D.7.2.5	82	NP_417464.1	82	1.7500000000000001e-56	1	82	1	82	100.0	TC
3.D.7.2.5	113	NP_417465.1	113	5.74e-83	1	113	1	113	100.0	TC
3.D.7.2.5	164	NP_417467.1	164	3.34e-111	1	164	1	164	100.0	TC
3.D.7.2.5	567	NP_417468.1	567	0.0	1	567	1	567	100.0	TC
3.D.7.2.5	392	NP_417469.1	392	1.7e-286	1	392	1	392	100.0	TC
3.D.7.2.5	328	NP_417470.1	328	8.590000000000001e-259	1	328	1	328	100.0	TC
3.D.7.2.5	372	NP_417471.1	372	3.13e-281	1	372	1	372	100.0	TC
8.A.5.1.3	401	NP_417474.1	346	1.15e-50	71	378	13	322	89.6	TC
1.A.30.2.1	141	NP_417478.1	141	8.65e-96	1	141	1	141	100.0	TC
1.A.30.2.1	244	NP_417479.1	244	5.5300000000000003e-163	1	244	1	244	100.0	TC
9.B.27.2.1	219	NP_417482.1	219	8.02e-155	1	219	1	219	100.0	TC
1.B.76.1.8	516	NP_417489.1	470	6.310000000000001e-72	1	509	3	459	97.2	TC
3.A.1.5.41	535	NP_417492.1	535	0.0	1	535	1	535	100.0	TC
9.B.444.1.1	110	NP_417499.1	110	8.29e-77	1	110	1	110	100.0	TC
1.B.17.1.1	493	NP_417507.2	493	0.0	1	493	1	493	100.0	TC
2.A.5.5.1	257	NP_417512.1	257	1.2800000000000002e-163	1	257	1	257	100.0	TC
9.B.31.1.1	205	NP_417531.1	205	4.89e-149	1	205	1	205	100.0	TC
2.A.47.3.3	487	NP_417535.1	487	0.0	1	487	1	487	100.0	TC
9.B.334.1.3	506	NP_417543.1	506	0.000000000000000000000000000000	1	506	1	506	100.0	TC
9.B.313.1.2	916	NP_417544.5	459	5.2e-25	502	916	74	444	80.8	TC
9.B.114.1.1	239	NP_417557.1	230	3.99e-37	19	209	32	218	81.3	TC
2.A.23.1.13	414	NP_417560.1	414	7.130000000000001e-281	1	414	1	414	100.0	TC
9.B.221.1.1	183	NP_417561.1	183	9.709999999999999e-136	1	183	1	183	100.0	TC
2.A.1.14.2	472	NP_417564.2	432	0.000000000000000000000000000000	41	472	1	432	100.0	TC
9.B.27.2.2	220	NP_417566.1	220	3.6800000000000003e-156	1	220	1	220	100.0	TC
1.E.34.2.1	134	NP_417570.1	134	1.41e-84	1	134	1	134	100.0	TC
9.B.124.1.2	121	NP_417574.1	121	9.2e-95	1	121	1	121	100.0	TC
9.B.124.1.1	118	NP_417575.1	118	3.39e-82	1	118	1	118	100.0	TC
2.A.42.2.2	443	NP_417586.1	443	0.000000000000000000000000000000	1	443	1	443	100.0	TC
2.A.1.14.14	444	NP_417596.1	444	0.0	1	444	1	444	100.0	TC
4.A.6.1.4	169	NP_417602.4	157	2.55e-112	13	169	1	157	100.0	TC
4.A.6.1.5	158	NP_417607.1	158	1.4899999999999999e-111	1	158	1	158	100.0	TC
4.A.6.1.5	267	NP_417608.1	267	2.5600000000000003e-184	1	267	1	267	100.0	TC
4.A.6.1.5	263	NP_417609.1	263	1.61e-185	1	263	1	263	100.0	TC
1.B.11.3.6	838	NP_417613.1	838	0.0	1	838	1	838	100.0	TC
8.A.213.1.1	191	NP_417619.1	191	3.4300000000000003e-124	1	191	1	191	100.0	TC
2.A.42.1.2	414	NP_417630.1	414	3.37e-295	1	414	1	414	100.0	TC
3.A.18.1.1	411	NP_417631.2	629	3.3500000000000003e-75	27	411	3	379	59.9	TC
3.A.5.1.1	110	NP_417642.1	110	4.999999999999999e-69	1	110	1	110	100.0	TC
3.A.29.1.5	644	NP_417645.1	644	0.0	1	644	1	644	100.0	TC
2.A.7.3.18	321	NP_417651.1	321	4.07e-224	1	321	1	321	100.0	TC
5.B.14.1.1	326	NP_417654.1	323	4e-41	20	325	21	322	93.5	TC
3.A.1.27.3	97	NP_417658.4	97	6.240000000000001e-66	1	97	1	97	100.0	TC
3.A.1.27.3	211	NP_417659.1	211	7.7499999999999995e-149	1	211	1	211	100.0	TC
3.A.1.27.3	183	NP_417660.1	183	4.1e-128	1	183	1	183	100.0	TC
3.A.1.27.3	260	NP_417661.1	260	1.26e-176	1	260	1	260	100.0	TC
3.A.1.27.3	269	NP_417662.1	269	7.43e-194	1	269	1	269	100.0	TC
2.A.19.5.1	325	NP_417663.1	325	5.93e-219	1	325	1	325	100.0	TC
1.B.42.1.2	191	NP_417666.1	191	4.93e-133	1	191	1	191	100.0	TC
1.B.42.1.2	185	NP_417667.1	185	4.0900000000000006e-129	1	185	1	185	100.0	TC
1.B.42.1.2	241	NP_417668.1	241	3.66e-171	1	241	1	241	100.0	TC
1.B.11.5.1	793	NP_417683.1	793	0.0	1	793	1	793	100.0	TC
2.A.1.12.1	496	NP_417691.4	496	0.0	1	496	1	496	100.0	TC
2.A.61.1.2	455	NP_417694.1	455	2.63e-306	1	455	1	455	100.0	TC
1.A.12.3.1	212	NP_417696.1	212	9.46e-155	1	212	1	212	100.0	TC
8.A.217.1.1	458	NP_417701.1	455	1.75e-33	150	433	42	334	64.4	TC
8.A.217.1.1	458	NP_417702.1	355	9.220000000000001e-33	154	453	51	347	83.7	TC
2.A.85.1.2	655	NP_417707.1	655	0.0	1	655	1	655	100.0	TC
8.A.1.7.1	310	NP_417708.1	310	2.95e-216	1	310	1	310	100.0	TC
8.A.48.1.3	67	NP_417709.2	67	4.7e-43	1	67	1	67	100.0	TC
9.B.157.1.3	162	NP_417715.1	162	1.66e-110	1	162	1	162	100.0	TC
9.B.157.1.3	367	NP_417716.1	367	2.1900000000000002e-226	1	367	1	367	100.0	TC
9.B.157.1.3	347	NP_417717.2	347	6.960000000000001e-245	1	347	1	347	100.0	TC
2.A.21.1.1	483	NP_417724.4	483	0.0	1	483	1	483	100.0	TC
8.A.1.6.1	397	NP_417731.1	385	1.9499999999999999e-178	1	375	1	374	97.1	TC
2.A.6.2.1	1034	NP_417732.1	1034	0.0	1	1034	1	1034	100.0	TC
3.A.1.3.26	367	NP_417736.2	367	5.990000000000001e-272	1	367	1	367	100.0	TC
3.A.1.3.26	252	NP_417737.1	252	2.4e-186	1	252	1	252	100.0	TC
2.A.38.1.1	458	NP_417748.1	458	0.0	1	458	1	458	100.0	TC
1.A.22.1.1	136	NP_417749.1	136	2.15e-89	1	136	1	136	100.0	TC
3.A.5.1.1	443	NP_417759.1	443	0.000000000000000000000000000000	1	443	1	443	100.0	TC
9.B.42.1.3	489	NP_417782.1	489	0.0	1	489	1	489	100.0	TC
1.B.22.1.3	650	NP_417784.4	650	0.0	1	650	1	650	100.0	TC
3.A.15.1.1	497	NP_417785.1	493	1.65e-178	12	488	8	484	96.8	TC
3.A.15.1.1	381	NP_417786.1	398	5.030000000000001e-103	4	380	3	398	99.5	TC
3.A.15.1.1	140	NP_417787.1	145	8.969999999999999e-67	2	140	5	143	95.9	TC
3.A.15.1.1	326	NP_417791.1	327	2.7699999999999996e-48	1	261	1	261	79.8	TC
3.A.15.2.1	290	NP_417794.1	225	9.04e-36	133	273	78	217	62.2	TC
2.A.37.1.2	601	NP_417809.1	601	0.0	1	601	1	601	100.0	TC
2.A.37.1.2	184	NP_417810.1	184	6.57e-139	1	184	1	184	100.0	TC
3.A.1.121.9	709	NP_417811.1	637	3.4200000000000002e-105	188	701	12	521	80.1	TC
2.A.85.1.3	700	NP_417817.2	700	0.0	1	700	1	700	100.0	TC
9.B.313.1.2	916	NP_417818.1	406	1.32e-18	498	909	30	395	90.1	TC
2.A.1.7.14	393	NP_417823.1	393	2.4e-282	1	393	1	393	100.0	TC
2.A.3.8.17	445	NP_417829.2	445	0.000000000000000000000000000000	1	445	1	445	100.0	TC
9.B.118.1.1	434	NP_417836.1	434	1.01e-297	1	434	1	434	100.0	TC
1.B.22.4.2	412	NP_417850.1	412	2.59e-282	1	412	1	412	100.0	TC
9.B.65.1.1	574	NP_417861.1	574	0.0	1	574	1	574	100.0	TC
9.A.8.1.1	75	NP_417867.1	75	5.52e-50	1	75	1	75	100.0	TC
9.A.8.1.1	773	NP_417868.1	773	0.0	1	773	1	773	100.0	TC
9.A.8.1.10	79	NP_417869.1	78	6.5600000000000005e-37	1	79	1	78	100.0	TC
2.A.95.1.5	197	NP_417892.1	197	8.359999999999999e-128	1	197	1	197	100.0	TC
3.A.1.1.3	356	NP_417907.2	356	1.3299999999999998e-258	1	356	1	356	100.0	TC
3.A.1.1.3	281	NP_417908.1	281	2.8999999999999996e-197	1	281	1	281	100.0	TC
3.A.1.1.3	295	NP_417909.1	295	9.08e-208	1	295	1	295	100.0	TC
3.A.1.1.3	438	NP_417910.1	438	0.0	1	438	1	438	100.0	TC
3.A.1.4.1	237	NP_417911.4	237	1.2300000000000001e-167	1	237	1	237	100.0	TC
3.A.1.4.1	255	NP_417912.1	255	2.04e-184	1	255	1	255	100.0	TC
3.A.1.4.1	425	NP_417913.1	425	6.53e-294	1	425	1	425	100.0	TC
3.A.1.4.1	308	NP_417914.1	308	5.23e-209	1	308	1	308	100.0	TC
3.A.1.4.1	369	NP_417915.1	369	8.170000000000001e-271	1	369	1	369	100.0	TC
3.A.1.140.1	352	NP_417919.1	352	4.550000000000001e-248	1	352	1	352	100.0	TC
3.A.1.140.1	222	NP_417920.1	222	2.31e-160	1	222	1	222	100.0	TC
3.A.5.1.1	497	NP_417921.1	497	0.000000000000000000000000000000	1	497	1	497	100.0	TC
3.A.3.6.2	732	NP_417926.1	732	0.0	1	732	1	732	100.0	TC
2.A.88.8.6	221	NP_417928.1	221	3.81e-154	1	221	1	221	100.0	TC
9.B.357.1.1	185	NP_417929.4	185	1.5999999999999997e-126	1	185	1	185	100.0	TC
2.A.1.46.7	405	NP_417930.2	405	1.57e-284	1	405	1	405	100.0	TC
2.A.86.1.2	349	NP_417931.4	349	3.95e-236	1	349	1	349	100.0	TC
3.A.1.5.3	524	NP_417933.1	524	0.0	1	524	1	524	100.0	TC
3.A.1.5.3	314	NP_417934.1	314	1.3700000000000002e-223	1	314	1	314	100.0	TC
3.A.1.5.3	277	NP_417935.1	277	1.75e-196	1	277	1	277	100.0	TC
3.A.1.5.3	254	NP_417936.1	254	1.87e-175	1	254	1	254	100.0	TC
3.A.1.5.3	268	NP_417937.1	268	1.01e-186	1	268	1	268	100.0	TC
3.A.1.105.16	374	NP_417942.6	374	1.39e-260	1	374	1	374	100.0	TC
3.A.1.105.16	355	NP_417944.1	355	3.36e-201	1	355	1	355	100.0	TC
9.B.245.1.2	350	NP_417948.4	350	2.86e-250	1	350	1	350	100.0	TC
2.A.20.1.1	499	NP_417950.1	499	0.0	1	499	1	499	100.0	TC
9.B.4.1.1	111	NP_417951.1	111	2.2700000000000003e-79	1	111	1	111	100.0	TC
2.A.17.1.3	489	NP_417953.1	489	0.0	1	489	1	489	100.0	TC
3.A.4.1.1	429	NP_417959.4	429	3.55e-300	1	429	1	429	100.0	TC
9.B.20.1.4	215	NP_417965.1	215	3.02e-148	1	215	1	215	100.0	TC
9.B.36.1.1	190	NP_417968.1	190	1.5800000000000002e-124	1	190	1	190	100.0	TC
8.A.1.6.3	385	NP_417970.1	385	1.51e-265	1	385	1	385	100.0	TC
2.A.6.2.13	1037	NP_417971.1	1037	0.0	1	1037	1	1037	100.0	TC
5.B.3.1.1	346	NP_417975.1	465	8.42e-70	41	329	175	461	61.7	TC
9.B.126.1.1	337	NP_417979.1	337	9.41e-238	1	337	1	337	100.0	TC
2.A.1.6.10	440	NP_417980.1	440	2.0100000000000003e-307	1	440	1	440	100.0	TC
9.B.121.1.1	686	NP_417981.2	686	0.0	1	686	1	686	100.0	TC
2.A.23.1.7	428	NP_417985.1	428	1.07e-289	1	428	1	428	100.0	TC
9.B.34.1.5	906	NP_417986.4	662	1.25e-46	471	899	231	654	64.0	TC
4.D.3.1.6	779	NP_417989.1	779	0.0	1	779	1	779	100.0	TC
9.B.275.1.1	559	NP_417995.1	559	0.0	1	559	1	559	100.0	TC
2.A.42.2.3	423	NP_417996.1	423	1.8699999999999998e-292	1	423	1	423	100.0	TC
3.A.1.5.27	327	NP_417997.1	334	2.1e-178	2	327	3	327	97.3	TC
3.A.1.5.27	330	NP_417998.1	327	4.3899999999999995e-172	1	324	1	325	99.4	TC
3.A.1.5.39	303	NP_417999.1	300	7.33e-122	18	300	17	299	94.3	TC
3.A.1.5.39	336	NP_418000.1	339	1.63e-155	1	336	1	339	100.0	TC
3.A.1.5.27	547	NP_418001.1	535	1.0499999999999998e-207	30	545	19	535	96.6	TC
2.A.1.11.3	402	NP_418003.1	402	6.41e-255	1	402	1	402	100.0	TC
5.A.3.4.3	777	NP_418007.3	777	0.0	1	777	1	777	100.0	TC
9.B.97.1.1	331	NP_418018.1	331	1.11e-242	1	331	1	331	100.0	TC
9.B.44.1.1	145	NP_418019.4	145	1.08e-100	1	145	1	145	100.0	TC
9.B.44.1.1	113	NP_418020.2	113	7.28e-77	1	113	1	113	100.0	TC
3.A.1.2.4	330	NP_418023.1	330	3.24e-230	1	330	1	330	100.0	TC
3.A.1.2.4	513	NP_418024.1	513	0.0	1	513	1	513	100.0	TC
3.A.1.2.4	393	NP_418025.1	393	1.3099999999999999e-270	1	393	1	393	100.0	TC
3.D.1.9.2	203	NP_418030.1	157	9.95e-30	1	103	1	110	70.1	TC
2.A.56.1.2	157	NP_418034.1	157	3.13e-108	1	157	1	157	100.0	TC
2.A.56.1.2	328	NP_418036.1	328	3.5299999999999996e-233	1	328	1	328	100.0	TC
1.B.93.1.1	246	NP_418041.1	246	7.72e-180	1	246	1	246	100.0	TC
8.A.1.1.4	378	NP_418043.1	378	3.4199999999999995e-263	1	378	1	378	100.0	TC
9.B.32.1.2	107	NP_418044.1	107	2.61e-74	1	107	1	107	100.0	TC
8.A.1.1.4	378	NP_418054.1	378	1.16e-208	1	378	1	378	100.0	TC
9.B.32.1.1	120	NP_418055.1	120	1.73e-85	1	120	1	120	100.0	TC
4.A.2.1.2	637	NP_418056.1	637	0.0	1	637	1	637	100.0	TC
2.A.14.1.1	551	NP_418060.1	551	0.0	1	551	1	551	100.0	TC
1.A.34.1.2	379	NP_418070.6	419	1.8e-16	262	376	300	417	28.2	TC
1.A.62.2.3	205	NP_418103.4	205	1.39e-139	1	205	1	205	100.0	TC
3.A.23.6.1	1121	NP_418107.1	702	1.5400000000000002e-27	964	1118	34	190	22.4	TC
3.A.11.1.5	676	NP_418109.1	693	1.0100000000000001e-129	4	647	8	666	95.1	TC
2.A.27.1.1	401	NP_418110.1	401	4.3900000000000004e-273	1	401	1	401	100.0	TC
2.A.40.4.2	463	NP_418111.1	463	0.0	1	463	1	463	100.0	TC
9.B.121.3.1	569	NP_418112.1	569	0.0	1	569	1	569	100.0	TC
2.A.2.3.4	460	NP_418114.4	460	0.0	1	460	1	460	100.0	TC
2.A.1.20.3	394	NP_418115.1	394	3.95e-277	1	394	1	394	100.0	TC
2.A.7.3.12	307	NP_418116.1	307	2.68e-206	1	307	1	307	100.0	TC
3.A.1.24.1	271	NP_418117.1	272	2.63e-119	14	271	15	272	94.9	TC
2.A.1.2.26	396	NP_418118.2	396	3.8800000000000005e-269	1	396	1	396	100.0	TC
2.A.40.7.4	444	NP_418120.2	444	2.63e-305	1	444	1	444	100.0	TC
2.A.1.4.1	463	NP_418122.1	463	0.0	1	463	1	463	100.0	TC
2.A.1.4.4	439	NP_418123.2	439	0.0	1	439	1	439	100.0	TC
2.A.1.2.9	394	NP_418129.2	394	1.3799999999999998e-277	1	394	1	394	100.0	TC
9.B.51.1.1	115	NP_418132.1	115	1.99e-75	1	115	1	115	100.0	TC
2.A.21.3.21	571	NP_418135.1	571	0.0	1	571	1	571	100.0	TC
2.A.81.1.5	553	NP_418140.4	553	0.0	1	553	1	553	100.0	TC
2.A.1.14.7	430	NP_418146.4	430	0.0	1	430	1	430	100.0	TC
2.A.9.3.1	548	NP_418161.1	548	0.0	1	548	1	548	100.0	TC
2.A.42.1.3	415	NP_418165.1	415	1.76e-302	1	415	1	415	100.0	TC
2.A.1.2.22	391	NP_418166.1	391	3.5699999999999997e-267	1	391	1	391	100.0	TC
2.A.40.7.6	445	NP_418170.1	445	2.7200000000000002e-303	1	445	1	445	100.0	TC
1.B.3.1.3	538	NP_418176.1	538	0.0	1	538	1	538	100.0	TC
4.A.1.2.2	625	NP_418178.1	625	0.0	1	625	1	625	100.0	TC
3.A.1.7.1	257	NP_418181.1	257	7.739999999999999e-190	1	257	1	257	100.0	TC
3.A.1.7.1	296	NP_418182.1	296	2.2099999999999998e-204	1	296	1	296	100.0	TC
3.A.1.7.1	319	NP_418183.1	319	1.93e-221	1	319	1	319	100.0	TC
3.A.1.7.1	346	NP_418184.1	346	3.78e-253	1	346	1	346	100.0	TC
3.A.2.1.1	139	NP_418187.1	139	1.19e-92	1	139	1	139	100.0	TC
3.A.2.1.1	460	NP_418188.1	460	0.0	1	460	1	460	100.0	TC
3.A.2.1.1	287	NP_418189.1	287	1.44e-200	1	287	1	287	100.0	TC
3.A.2.1.1	513	NP_418190.1	513	0.0	1	513	1	513	100.0	TC
3.A.2.1.1	177	NP_418191.1	177	7.09e-117	1	177	1	177	100.0	TC
3.A.2.1.1	156	NP_418192.1	156	3.1e-78	1	156	1	156	100.0	TC
3.A.2.1.1	79	NP_418193.1	79	4.1e-47	1	79	1	79	100.0	TC
3.A.2.1.1	271	NP_418194.1	271	8.32e-192	1	271	1	271	100.0	TC
1.A.77.3.11	126	NP_418195.2	126	7.73e-76	1	126	1	126	100.0	TC
3.A.1.2.1	501	NP_418205.1	501	0.0	1	501	1	501	100.0	TC
3.A.1.2.1	321	NP_418206.1	321	1.4900000000000002e-210	1	321	1	321	100.0	TC
3.A.1.2.1	296	NP_418207.1	296	1.74e-201	1	296	1	296	100.0	TC
2.A.1.3.51	475	NP_418210.1	475	0.0	1	475	1	475	100.0	TC
1.I.1.1.3	662	NP_418227.1	421	4.37e-58	180	543	9	358	83.1	TC
8.A.88.2.1	441	NP_418228.2	109	7.89e-17	163	264	5	102	89.9	TC
3.A.6.1.1	439	NP_418230.1	419	7.79e-17	148	389	157	396	57.3	TC
9.B.146.1.7	367	NP_418231.1	367	1.4499999999999998e-263	1	367	1	367	100.0	TC
2.A.66.2.3	416	NP_418239.1	416	1.3499999999999999e-286	1	416	1	416	100.0	TC
9.B.21.2.1	106	NP_418251.1	106	5.4700000000000005e-80	1	106	1	106	100.0	TC
1.A.35.1.1	316	NP_418260.1	316	1.9400000000000002e-224	1	316	1	316	100.0	TC
1.E.55.2.4	126	NP_418261.1	126	3.56e-81	1	126	1	126	100.0	TC
9.B.371.1.8	155	NP_418264.4	155	1.1e-107	1	155	1	155	100.0	TC
1.B.84.1.3	252	NP_418265.1	289	3.6499999999999994e-52	26	252	55	288	81.0	TC
2.A.7.3.61	299	NP_418271.1	299	1.86e-218	1	299	1	299	100.0	TC
9.B.101.3.1	376	NP_418276.1	475	1.6900000000000002e-70	11	376	13	370	75.4	TC
2.A.64.1.1	89	NP_418280.4	89	4.63e-53	1	89	1	89	100.0	TC
2.A.64.1.1	258	NP_418282.1	258	2.84e-172	1	258	1	258	100.0	TC
8.A.176.1.4	592	NP_418293.2	175	2.1e-47	7	170	7	171	94.3	TC
3.A.23.1.1	530	NP_418304.1	469	5.71e-58	187	525	134	466	71.0	TC
2.A.1.52.1	421	NP_418310.1	421	6.92e-303	1	421	1	421	100.0	TC
1.B.35.2.2	230	NP_418311.1	230	4.33e-178	1	230	1	230	100.0	TC
2.A.2.3.9	461	NP_418313.4	461	0.0	1	461	1	461	100.0	TC
9.B.126.2.1	290	NP_418322.1	290	3.76e-193	1	290	1	290	100.0	TC
5.A.3.2.1	217	NP_418328.1	211	5.62e-71	1	211	1	209	99.1	TC
5.A.3.2.1	294	NP_418329.1	300	1e-180	1	294	1	293	97.7	TC
5.A.3.2.1	1015	NP_418330.1	1016	0.0	1	1014	1	1015	99.9	TC
4.A.2.1.25	483	NP_418335.4	483	0.0	1	483	1	483	100.0	TC
4.A.2.1.25	148	NP_418336.1	148	5.3200000000000004e-107	1	148	1	148	100.0	TC
2.A.7.6.1	344	NP_418343.1	344	7.299999999999999e-250	1	344	1	344	100.0	TC
2.A.10.1.2	327	NP_418345.2	327	9.83e-219	1	327	1	327	100.0	TC
3.E.1.5.3	2205	NP_418348.1	232	2.38e-16	999	1144	3	139	59.1	TC
2.A.4.7.1	300	NP_418350.1	300	1.03e-211	1	300	1	300	100.0	TC
3.A.1.6.1	329	NP_418352.1	329	2e-244	1	329	1	329	100.0	TC
9.B.124.2.2	146	NP_418356.1	146	2.27e-107	1	146	1	146	100.0	TC
1.A.8.1.1	281	NP_418362.1	281	7.53e-209	1	281	1	281	100.0	TC
3.A.11.1.5	646	NP_418370.1	732	6.75e-90	123	643	199	730	72.7	TC
2.A.7.3.26	301	NP_418378.4	301	3.04e-209	1	301	1	301	100.0	TC
4.A.2.1.10	359	NP_418384.1	359	1.5800000000000002e-247	1	359	1	359	100.0	TC
4.A.2.1.10	106	NP_418385.1	106	1.78e-67	1	106	1	106	100.0	TC
4.A.2.1.10	113	NP_418388.1	113	3.6e-77	1	113	1	113	100.0	TC
1.B.14.3.1	614	NP_418401.1	614	0.0	1	614	1	614	100.0	TC
3.A.5.1.1	127	NP_418408.1	127	1.05e-78	1	127	1	127	100.0	TC
1.C.82.1.2	230	NP_418411.1	234	2.73e-97	1	224	1	225	96.2	TC
3.A.25.2.1	584	NP_418420.4	251	1.79e-26	89	298	8	213	82.1	TC
2.A.21.9.1	983	NP_418431.1	465	7.430000000000001e-33	738	974	226	455	49.5	TC
3.A.23.1.1	530	NP_418432.1	441	5.84e-65	169	521	117	438	73.0	TC
2.A.58.2.1	543	NP_418444.1	543	0.0	1	543	1	543	100.0	TC
1.B.14.16.4	698	NP_418453.1	698	0.0	1	698	1	698	100.0	TC
2.A.1.1.3	491	NP_418455.1	491	0.0	1	491	1	491	100.0	TC
3.A.1.1.1	296	NP_418456.1	296	6.9100000000000005e-208	1	296	1	296	100.0	TC
3.A.1.1.1	514	NP_418457.1	514	0.0	1	514	1	514	100.0	TC
3.A.1.1.1	396	NP_418458.1	396	1.59e-293	1	396	1	396	100.0	TC
3.A.1.1.1	371	NP_418459.1	371	3.2e-269	1	371	1	371	100.0	TC
1.B.3.1.1	446	NP_418460.1	446	0.0	1	446	1	446	100.0	TC
2.A.66.1.4	459	NP_418468.3	459	0.000000000000000000000000000000	1	459	1	459	100.0	TC
9.A.70.1.1	430	NP_418478.1	397	6.41e-99	42	425	11	393	96.5	TC
2.A.40.7.5	449	NP_418488.1	449	1.0600000000000001e-302	1	449	1	449	100.0	TC
2.A.36.3.1	549	NP_418489.1	549	0.0	1	549	1	549	100.0	TC
2.A.21.7.2	549	NP_418491.1	549	0.0	1	549	1	549	100.0	TC
9.B.136.1.1	104	NP_418492.1	104	2.35e-71	1	104	1	104	100.0	TC
5.A.3.5.3	478	NP_418494.1	478	0.0	1	478	1	478	100.0	TC
5.A.3.5.3	188	NP_418495.2	188	2.03e-144	1	188	1	188	100.0	TC
5.A.3.5.3	223	NP_418496.1	223	9.1e-172	1	223	1	223	100.0	TC
5.A.3.5.3	318	NP_418497.1	318	7.909999999999999e-225	1	318	1	318	100.0	TC
9.B.14.1.7	657	NP_418498.1	552	6.43e-105	46	415	29	397	66.8	TC
2.A.23.1.1	437	NP_418501.1	437	1.0500000000000001e-296	1	437	1	437	100.0	TC
3.D.1.9.2	715	NP_418503.1	715	0.0	1	715	1	715	100.0	TC
1.B.17.3.9	488	NP_418504.1	488	0.0	1	488	1	488	100.0	TC
2.A.85.6.1	683	NP_418505.2	683	0.0	1	683	1	683	100.0	TC
8.A.1.1.3	343	NP_418506.1	343	2.2799999999999998e-232	1	343	1	343	100.0	TC
3.A.1.2.6	326	NP_418510.1	326	5.740000000000001e-222	1	326	1	326	100.0	TC
3.A.1.2.6	510	NP_418511.1	510	0.0	1	510	1	510	100.0	TC
3.A.1.2.6	311	NP_418512.1	311	3.88e-217	1	311	1	311	100.0	TC
3.A.1.125.1	233	NP_418520.1	226	2.53e-27	15	205	14	208	86.3	TC
3.A.1.9.1	338	NP_418529.1	338	1.8299999999999998e-240	1	338	1	338	100.0	TC
3.A.1.9.1	262	NP_418530.1	262	5.2e-186	1	262	1	262	100.0	TC
2.A.1.6.4	500	NP_418535.1	500	0.0	1	500	1	500	100.0	TC
2.A.3.2.5	445	NP_418539.1	445	0.000000000000000000000000000000	1	445	1	445	100.0	TC
2.A.2.1.1	473	NP_418544.2	473	0.0	1	473	1	473	100.0	TC
2.A.13.1.2	446	NP_418547.1	446	0.000000000000000000000000000000	1	446	1	446	100.0	TC
9.B.111.1.5	909	NP_418553.1	505	6.6e-128	4	453	34	505	93.5	TC
2.A.17.1.5	485	NP_418554.1	485	0.0	1	485	1	485	100.0	TC
2.A.3.2.2	444	NP_418556.1	444	0.000000000000000000000000000000	1	444	1	444	100.0	TC
5.A.1.1.1	565	NP_418559.1	565	0.0	1	565	1	565	100.0	TC
2.A.13.1.1	433	NP_418561.1	433	3.89e-290	1	433	1	433	100.0	TC
2.A.3.13.1	418	NP_418565.1	418	3.85e-303	1	418	1	418	100.0	TC
2.A.7.1.4	105	NP_418572.4	105	1.31e-64	1	105	1	105	100.0	TC
8.A.180.1.2	184	NP_418573.1	177	3.15e-18	30	163	28	155	72.3	TC
8.A.212.1.4	380	NP_418574.1	377	4.8600000000000005e-208	2	380	1	376	99.7	TC
3.D.10.1.3	239	NP_418577.1	244	4.13e-29	5	222	7	219	87.3	TC
3.D.10.1.9	584	NP_418578.1	602	3.3799999999999997e-134	2	584	1	581	96.5	TC
2.A.3.7.5	500	NP_418580.2	500	0.0	1	500	1	500	100.0	TC
9.B.444.1.2	104	NP_418582.1	104	1.85e-77	1	104	1	104	100.0	TC
1.A.23.1.3	1107	NP_418583.1	1107	0.0	1	1107	1	1107	100.0	TC
2.A.25.1.6	748	NP_418584.1	322	3.61e-49	468	719	12	267	79.5	TC
8.A.21.1.4	287	NP_418596.1	334	1.2e-62	19	281	19	327	92.5	TC
9.B.358.1.4	132	NP_418605.1	132	2.65e-88	1	132	1	132	100.0	TC
4.A.7.1.1	465	NP_418614.4	465	0.0	1	465	1	465	100.0	TC
4.A.7.1.1	101	NP_418615.1	101	5.22e-69	1	101	1	101	100.0	TC
4.A.7.1.1	154	NP_418616.1	154	5.04e-108	1	154	1	154	100.0	TC
2.A.3.1.7	470	NP_418629.1	470	0.0	1	470	1	470	100.0	TC
2.A.7.3.19	321	NP_418631.2	321	6.11e-235	1	321	1	321	100.0	TC
1.A.112.2.11	447	NP_418639.1	447	7.969999999999999e-297	1	447	1	447	100.0	TC
1.B.33.2.4	577	NP_418641.1	577	0.0	1	577	1	577	100.0	TC
9.B.121.6.2	1259	NP_418642.1	1259	0.0	1	1259	1	1259	100.0	TC
3.A.1.2.25	318	NP_418648.1	318	3.09e-222	1	318	1	318	100.0	TC
3.A.1.2.25	341	NP_418651.3	341	5.97e-227	1	341	1	341	100.0	TC
3.A.1.2.25	331	NP_418652.2	331	7.9e-227	1	331	1	331	100.0	TC
4.A.1.2.4	473	NP_418661.1	473	0.0	1	473	1	473	100.0	TC
3.A.3.4.1	902	NP_418663.1	898	0.0	7	902	3	898	99.8	TC
1.B.42.1.2	366	NP_418682.1	366	7.300000000000001e-252	1	366	1	366	100.0	TC
1.B.42.1.2	360	NP_418683.4	360	1.37e-253	1	360	1	360	100.0	TC
2.A.8.1.2	439	NP_418686.1	439	4.47e-299	1	439	1	439	100.0	TC
2.A.1.12.1	496	NP_418699.4	405	5.57e-92	10	460	5	400	97.8	TC
3.A.1.14.1	255	NP_418707.1	255	5.020000000000001e-185	1	255	1	255	100.0	TC
3.A.1.14.1	318	NP_418708.1	318	2.1700000000000002e-222	1	318	1	318	100.0	TC
3.A.1.14.1	332	NP_418709.1	332	3.1099999999999998e-229	1	332	1	332	100.0	TC
3.A.1.14.1	300	NP_418710.4	300	1.98e-209	1	300	1	300	100.0	TC
1.B.14.1.20	774	NP_418711.1	774	0.0	1	774	1	774	100.0	TC
2.A.8.1.11	449	NP_418716.1	449	1.35e-289	1	449	1	449	100.0	TC
4.A.5.1.3	143	NP_418722.1	143	1.22e-105	1	143	1	143	100.0	TC
4.A.5.1.3	437	NP_418724.1	437	1.7e-302	1	437	1	437	100.0	TC
1.B.35.2.1	238	NP_418731.2	238	1.34e-185	1	238	1	238	100.0	TC
1.C.80.1.2	179	NP_418735.2	179	1.94e-64	1	178	1	178	99.4	TC
1.B.11.3.9	878	NP_418737.1	878	0.0	1	878	1	878	100.0	TC
2.A.8.1.3	447	NP_418741.1	447	2.14e-301	1	447	1	447	100.0	TC
9.B.156.1.1	153	NP_418749.1	153	4.15e-102	1	153	1	153	100.0	TC
9.A.5.4.2	227	NP_418750.2	227	1.0900000000000001e-156	1	227	1	227	100.0	TC
2.A.1.51.2	392	NP_418752.1	392	6.7700000000000006e-245	1	388	1	388	99.0	TC
2.A.1.2.52	410	NP_418757.1	410	4.19e-287	1	410	1	410	100.0	TC
3.A.17.1.1	1170	NP_418770.2	1170	0.0	1	1170	1	1170	100.0	TC
2.A.114.1.1	65	NP_418773.1	67	1.07e-32	1	65	1	67	100.0	TC
2.A.114.1.10	716	NP_418774.2	716	0.0	1	716	1	716	100.0	TC
9.B.334.1.3	506	NP_418775.1	551	3.32e-41	330	505	340	515	31.9	TC
2.A.1.14.33	453	NP_418776.1	453	0.0	1	453	1	453	100.0	TC
2.A.79.2.1	157	NP_418783.2	157	6.33e-108	1	157	1	157	100.0	TC
2.A.79.2.1	256	NP_418784.4	256	1.55e-184	1	256	1	256	100.0	TC
8.A.213.1.2	201	NP_418793.1	201	4.8100000000000004e-129	1	201	1	201	100.0	TC
4.B.1.1.1	410	NP_418807.4	410	2.36e-293	1	409	1	409	99.8	TC
3.A.1.120.8	558	NP_418808.1	555	3.43e-209	1	557	1	555	100.0	TC
3.D.4.3.2	30	YP_001165313.1	30	7.48e-16	1	30	1	30	100.0	TC
4.A.1.1.1	43	YP_002791237.1	43	6.03e-29	1	43	1	43	100.0	TC
1.E.53.1.1	50	YP_025292.1	50	6.7e-29	1	50	1	50	100.0	TC
2.A.1.20.1	392	YP_025293.1	392	1.3199999999999999e-274	1	392	1	392	100.0	TC
1.E.53.1.9	82	YP_025295.1	50	1.27e-27	33	82	1	50	100.0	TC
3.A.1.5.41	337	YP_025300.1	337	3.9999999999999995e-239	1	337	1	337	100.0	TC
1.E.53.1.3	49	YP_025301.1	49	3.850000000000001e-21	1	49	1	49	100.0	TC
8.A.5.1.7	298	YP_025305.1	298	3.1e-221	1	298	1	298	100.0	TC
2.A.1.2.62	403	YP_025306.1	403	1.34e-284	1	403	1	403	100.0	TC
2.A.66.1.3	457	YP_025307.1	457	0.0	1	457	1	457	100.0	TC
9.B.158.1.2	248	YP_025309.2	248	3.8200000000000003e-181	1	248	1	248	100.0	TC
3.A.1.2.2	328	YP_026162.2	328	8.72e-218	1	328	1	328	100.0	TC
1.B.12.8.2	1039	YP_026164.1	1039	0.0	1	1039	1	1039	100.0	TC
3.A.1.6.1	291	YP_026168.2	291	1.34e-207	1	291	1	291	100.0	TC
1.A.112.2.5	428	YP_026171.3	428	5.0899999999999994e-288	1	428	1	428	100.0	TC
4.A.4.1.1	187	YP_026180.1	187	7.95e-137	1	187	1	187	100.0	TC
4.A.4.1.1	319	YP_026181.1	319	3.25e-229	1	319	1	319	100.0	TC
4.A.1.2.3	485	YP_026182.1	485	0.0	1	485	1	485	100.0	TC
2.A.40.7.7	455	YP_026186.1	455	0.000000000000000000000000000000	1	455	1	455	100.0	TC
2.A.66.12.6	449	YP_026192.1	355	5.66e-248	1	355	1	355	100.0	TC
2.A.3.7.4	477	YP_026200.1	477	0.0	1	477	1	477	100.0	TC
2.A.109.1.7	321	YP_026201.1	321	7.029999999999999e-225	1	321	1	321	100.0	TC
2.A.42.2.4	443	YP_026203.3	443	1.79e-307	1	443	1	443	100.0	TC
9.B.238.3.1	568	YP_026207.1	778	3.91e-64	190	567	277	646	47.6	TC
9.B.121.2.4	1266	YP_026208.1	1266	0.0	1	1266	1	1266	100.0	TC
3.A.1.3.26	393	YP_026209.1	393	1.22e-275	1	393	1	393	100.0	TC
3.A.11.1.5	285	YP_026211.1	374	2.5299999999999996e-42	24	212	93	281	50.5	TC
1.A.16.3.1	268	YP_026212.2	268	1.2900000000000001e-198	1	268	1	268	100.0	TC
2.A.8.1.4	438	YP_026217.1	438	4.14e-299	1	438	1	438	100.0	TC
9.B.104.1.1	276	YP_026220.1	276	3.45e-207	1	276	1	276	100.0	TC
2.A.8.1.8	446	YP_026221.1	446	0.000000000000000000000000000000	1	446	1	446	100.0	TC
3.A.1.4.1	367	YP_026223.1	367	4.72e-269	1	367	1	367	100.0	TC
3.A.1.105.16	911	YP_026225.1	911	0.0	1	911	1	911	100.0	TC
1.B.55.3.1	1157	YP_026226.4	1157	0.0	1	1157	1	1157	100.0	TC
1.C.64.1.13	35	YP_026227.1	35	5.51e-22	1	35	1	35	100.0	TC
1.B.6.13.1	219	YP_026228.1	219	2.4299999999999996e-140	1	219	1	219	100.0	TC
1.E.53.1.2	50	YP_026229.1	50	3.43e-31	1	50	1	50	100.0	TC
2.A.56.1.2	425	YP_026232.1	425	8.5e-290	1	425	1	425	100.0	TC
2.A.72.1.1	622	YP_026244.1	622	0.0	1	622	1	622	100.0	TC
9.B.18.2.4	355	YP_026255.1	355	3.72e-269	1	355	1	355	100.0	TC
2.A.3.1.15	461	YP_026258.1	461	0.0	1	461	1	461	100.0	TC
2.A.7.7.2	296	YP_026262.1	296	1.07e-211	1	296	1	296	100.0	TC
2.A.16.2.2	2100	YP_026263.3	609	1.76e-25	1378	1713	31	347	52.1	TC
2.A.76.1.2	206	YP_026264.1	206	8.41e-146	1	206	1	206	100.0	TC
2.A.76.1.1	206	YP_026265.1	206	1.06e-139	1	206	1	206	100.0	TC
2.A.64.1.1	171	YP_026270.1	171	2.12e-106	1	171	1	171	100.0	TC
3.A.16.1.5	261	YP_026271.1	260	3.52e-30	12	257	8	259	96.9	TC
2.A.38.1.1	483	YP_026273.1	483	0.0	1	483	1	483	100.0	TC
2.A.2.3.15	467	YP_026275.1	467	0.0	1	467	1	467	100.0	TC
4.A.2.1.10	833	YP_026278.1	833	0.0	1	833	1	833	100.0	TC
3.A.1.5.9	362	YP_026282.1	252	8.92e-41	45	299	5	249	97.2	TC
9.B.13.1.1	48	YP_026284.1	48	2.72e-25	1	48	1	48	100.0	TC
3.A.1.2.25	500	YP_026286.1	500	0.0	1	500	1	500	100.0	TC
9.B.318.1.1	398	YP_026288.1	398	7.47e-284	1	398	1	398	100.0	TC
1.M.1.1.1	60	YP_588440.1	60	1.83e-37	1	60	1	60	100.0	TC
2.A.114.1.1	65	YP_588442.1	65	8.86e-47	1	65	1	65	100.0	TC
3.D.4.3.2	37	YP_588444.1	37	2.17e-22	1	37	1	37	100.0	TC
1.M.1.1.1	60	YP_588452.1	61	1.8500000000000002e-35	1	57	1	57	93.4	TC
2.A.7.22.1	111	YP_588462.1	111	1.08e-77	1	111	1	111	100.0	TC
1.C.130.1.2	57	YP_588474.1	57	1.6300000000000002e-32	1	57	1	57	100.0	TC
4.A.5.1.3	92	YP_588476.1	92	6.94e-63	1	92	1	92	100.0	TC
